Observation,Dist_Taxi,Dist_Market,Dist_Metro,Store_Area,Items_Available,Coupon_Category,Daily_Customer_Count,Store_Sales
1,9796.0,5250.0,10703.0,1659.0,1961.0,CAT B,530,66490
2,8294.0,8186.0,12694.0,1461.0,1752.0,CAT B,210,39820
3,11001.0,14399.0,16991.0,1340.0,1609.0,CAT A,720,54010
4,8301.0,11188.0,12289.0,1451.0,1748.0,CAT B,620,53730
5,10510.0,12629.0,13921.0,1770.0,2111.0,CAT B,450,46620
6,6665.0,5142.0,9972.0,1442.0,1733.0,CAT B,760,45260
7,13153.0,11869.0,17811.0,1542.0,1858.0,CAT A,1030,72240
8,5882.0,9948.0,13315.0,1261.0,1507.0,CAT C,1020,37720
9,7495.0,11589.0,13370.0,1090.0,1321.0,CAT B,680,46310
10,8233.0,7067.0,11400.0,1030.0,1235.0,CAT C,1130,44150
11,4278.0,10646.0,8243.0,1187.0,1439.0,CAT A,1090,71280
12,8066.0,11149.0,12936.0,1751.0,2098.0,CAT B,720,57620
13,7693.0,9130.0,14684.0,1746.0,2064.0,CAT B,1050,60470
14,5236.0,10853.0,13054.0,1615.0,1931.0,CAT B,1160,59130
15,6027.0,6707.0,10176.0,1469.0,1756.0,CAT B,770,66360
16,9648.0,14789.0,12812.0,1644.0,1950.0,CAT A,790,78870
17,11079.0,13102.0,13076.0,1578.0,1907.0,CAT A,1440,77250
18,6698.0,11519.0,13441.0,1703.0,2045.0,CAT B,670,38170
19,9609.0,9066.0,13304.0,1438.0,1731.0,CAT A,1030,63540
21,8155.0,8085.0,9837.0,1940.0,2340.0,CAT C,980,40190
22,9669.0,12385.0,13589.0,1421.0,1700.0,CAT C,370,43460
23,11613.0,11675.0,15476.0,1458.0,1746.0,CAT A,690,68890
24,10664.0,14161.0,15076.0,1719.0,2065.0,CAT B,950,52780
25,7309.0,7468.0,11460.0,1449.0,1752.0,CAT B,620,50680
26,7103.0,9832.0,10943.0,1234.0,1488.0,CAT B,840,41880
27,6615.0,8178.0,12804.0,1732.0,2073.0,CAT C,820,70050
28,10870.0,12040.0,15221.0,1475.0,1777.0,CAT C,1100,25820
30,11735.0,10687.0,16954.0,1390.0,1648.0,CAT B,980,60530
31,13441.0,13852.0,17989.0,1642.0,1943.0,CAT B,710,78100
32,8876.0,13372.0,15845.0,1715.0,2071.0,CAT B,650,84860
33,4066.0,9318.0,10159.0,1439.0,1746.0,CAT A,990,80140
34,8248.0,8464.0,11292.0,1250.0,1508.0,CAT C,990,14920
35,9904.0,11866.0,14566.0,1331.0,1608.0,CAT B,880,60460
36,6526.0,7876.0,11215.0,1784.0,2163.0,CAT B,620,74560
37,6166.0,9680.0,12079.0,1375.0,1648.0,CAT A,1020,72430
38,5064.0,10573.0,9796.0,1871.0,2230.0,CAT B,700,45460
39,6712.0,10341.0,15629.0,1442.0,1744.0,CAT C,610,41570
40,8317.0,13286.0,12785.0,1174.0,1411.0,CAT A,1080,62870
41,7796.0,17101.0,16192.0,1839.0,2204.0,CAT B,1010,55170
42,9171.0,8368.0,12566.0,1270.0,1516.0,CAT B,0,45480
44,9357.0,11584.0,14219.0,1435.0,1725.0,CAT C,1250,49550
45,8101.0,11176.0,13502.0,965.0,1152.0,CAT C,600,48140
46,8794.0,12199.0,14275.0,1665.0,2001.0,CAT A,730,67640
47,6017.0,14147.0,12642.0,1780.0,2117.0,CAT C,780,39730
48,11265.0,12999.0,14621.0,1009.0,1194.0,CAT C,520,35800
49,6407.0,10134.0,13433.0,1227.0,1471.0,CAT A,870,49270
51,7193.0,10163.0,10715.0,1769.0,2087.0,CAT B,690,66510
52,9723.0,11620.0,13693.0,1660.0,1982.0,CAT B,910,62530
53,11363.0,14001.0,17453.0,1472.0,1776.0,CAT B,1260,59980
54,13157.0,11247.0,16385.0,1408.0,1688.0,CAT A,1040,76350
55,11657.0,12184.0,16450.0,1514.0,1820.0,CAT B,910,81820
56,10269.0,7505.0,13552.0,1565.0,1880.0,CAT B,1300,57830
57,9480.0,15910.0,16887.0,1074.0,1288.0,CAT B,320,70450
58,10451.0,11465.0,16488.0,1864.0,2240.0,CAT B,530,67000
59,7331.0,11247.0,10787.0,1570.0,1898.0,CAT B,980,64090
60,8458.0,13941.0,15721.0,1417.0,1701.0,CAT B,740,48670
61,9620.0,15033.0,14775.0,1734.0,2060.0,CAT B,1240,66210
62,10566.0,10728.0,16951.0,1470.0,1763.0,CAT B,1080,83660
63,5568.0,11538.0,14767.0,1761.0,2104.0,CAT A,1080,70770
64,8210.0,9740.0,12485.0,1756.0,2070.0,CAT C,460,53870
65,4533.0,6617.0,10052.0,1704.0,2045.0,CAT A,300,71300
67,6239.0,7326.0,9085.0,2011.0,2391.0,CAT C,530,46100
68,10504.0,9938.0,13747.0,1472.0,1748.0,CAT B,600,49100
69,12715.0,10229.0,15329.0,1310.0,1561.0,CAT B,860,65920
70,9472.0,9686.0,13464.0,1544.0,1821.0,CAT B,590,58660
71,4195.0,9050.0,7517.0,1707.0,2052.0,CAT B,920,69130
72,5858.0,8114.0,11026.0,1881.0,2262.0,CAT C,570,49080
73,9849.0,8773.0,15371.0,1416.0,1681.0,CAT A,290,72710
74,7983.0,6338.0,11916.0,1631.0,1941.0,CAT B,650,33430
75,5174.0,9293.0,10704.0,1318.0,1576.0,CAT C,710,42430
76,7629.0,8786.0,12052.0,1692.0,2019.0,CAT B,850,56650
77,8841.0,11909.0,11625.0,1152.0,1380.0,CAT B,530,33580
78,9327.0,9867.0,14244.0,891.0,1073.0,CAT A,630,67370
79,6637.0,10365.0,9537.0,1468.0,1749.0,CAT A,700,71780
80,4589.0,12404.0,12558.0,1539.0,1833.0,CAT A,650,84840
81,9604.0,13622.0,15501.0,1635.0,1956.0,CAT A,720,82070
82,8868.0,12356.0,13209.0,1267.0,1520.0,CAT B,450,26770
83,11676.0,14735.0,15825.0,1250.0,1475.0,CAT B,1390,65560
85,5909.0,10455.0,13125.0,1720.0,2044.0,CAT B,960,38660
86,9674.0,12676.0,14459.0,1462.0,1761.0,CAT A,600,65660
87,4997.0,9411.0,11468.0,1431.0,1711.0,CAT C,620,40700
88,9371.0,12701.0,16615.0,1539.0,1858.0,CAT A,1020,88910
89,14306.0,12591.0,18029.0,1441.0,1723.0,CAT B,330,57860
90,6591.0,14567.0,13985.0,1572.0,1884.0,CAT C,1410,42670
91,7566.0,9599.0,16454.0,1287.0,1525.0,CAT A,1200,90180
92,8463.0,8825.0,7307.0,1468.0,1760.0,CAT C,280,51280
93,1200.0,7579.0,7376.0,1931.0,2342.0,CAT A,940,97260
94,6871.0,10557.0,12097.0,1252.0,1506.0,CAT B,850,39650
95,6956.0,9048.0,11991.0,1238.0,1468.0,CAT C,960,45720
97,2222.0,10106.0,8858.0,1479.0,1758.0,CAT C,420,42060
98,6194.0,8473.0,11978.0,1590.0,1912.0,CAT B,830,65350
99,7025.0,10344.0,11682.0,2169.0,2617.0,CAT B,600,67080
100,9233.0,12290.0,14032.0,1838.0,2205.0,CAT B,400,54030
101,7185.0,13170.0,13904.0,1385.0,1655.0,CAT A,760,56360
102,7021.0,12206.0,14664.0,1921.0,2305.0,CAT A,1470,77120
103,7970.0,9719.0,9695.0,1975.0,2385.0,CAT B,500,50810
104,10381.0,15076.0,16590.0,1853.0,2235.0,CAT B,1120,60960
105,5725.0,16967.0,11221.0,1816.0,2171.0,CAT A,1160,61180
106,13866.0,13472.0,15427.0,1785.0,2147.0,CAT C,820,63660
107,6353.0,15169.0,13058.0,1579.0,1899.0,CAT B,1140,41190
108,7944.0,7275.0,10843.0,1096.0,1321.0,CAT A,900,78420
109,6445.0,9455.0,10950.0,1919.0,2294.0,CAT A,760,65580
110,4446.0,9575.0,9133.0,1262.0,1500.0,CAT A,1170,89080
111,5320.0,9845.0,9590.0,1374.0,1655.0,CAT A,1080,94170
112,10103.0,11932.0,16948.0,1309.0,1587.0,CAT B,1000,50950
113,11517.0,11278.0,14656.0,1207.0,1434.0,CAT A,690,65180
114,7388.0,15701.0,14982.0,1692.0,2031.0,CAT A,810,69310
115,11475.0,14768.0,15998.0,1929.0,2311.0,CAT B,630,79210
116,10148.0,10679.0,11618.0,1573.0,1878.0,CAT C,650,23740
117,6255.0,11047.0,10332.0,1415.0,1700.0,CAT B,920,36330
118,7018.0,7981.0,13748.0,1162.0,1382.0,CAT C,1260,51700
119,9588.0,10711.0,13963.0,1485.0,1787.0,CAT B,800,62950
120,8276.0,11728.0,11932.0,1897.0,2248.0,CAT A,1330,56010
121,7739.0,12930.0,12703.0,1607.0,1927.0,CAT B,940,45080
122,10106.0,13805.0,16769.0,1909.0,2287.0,CAT B,1210,46830
123,8510.0,10891.0,13380.0,1274.0,1503.0,CAT A,660,64750
124,5553.0,13174.0,11586.0,1157.0,1379.0,CAT A,770,80780
125,7522.0,11974.0,11433.0,1712.0,2046.0,CAT C,460,31180
126,8702.0,13088.0,14238.0,1500.0,1798.0,CAT C,860,56710
127,6777.0,9885.0,11064.0,1682.0,2017.0,CAT B,780,49390
128,7944.0,14333.0,12801.0,1441.0,1727.0,CAT A,890,66000
129,1637.0,7315.0,7685.0,1525.0,1835.0,CAT C,900,32770
130,5237.0,9949.0,9116.0,1408.0,1669.0,CAT B,530,46580
131,6567.0,14955.0,13427.0,1947.0,2333.0,CAT A,790,79780
132,7293.0,6919.0,11618.0,1164.0,1390.0,CAT C,370,35510
133,4415.0,9440.0,10672.0,1787.0,2137.0,CAT A,610,80970
134,6873.0,7786.0,9520.0,1871.0,2241.0,CAT B,500,61150
135,6139.0,9882.0,10482.0,1718.0,2051.0,CAT B,750,49210
136,10772.0,9004.0,13291.0,1365.0,1636.0,CAT A,980,79950
137,4233.0,10090.0,11422.0,1368.0,1654.0,CAT A,530,68740
138,7238.0,13882.0,13825.0,1342.0,1595.0,CAT B,910,57480
139,7066.0,15366.0,15721.0,1076.0,1270.0,CAT A,620,72630
140,8353.0,12447.0,12931.0,1396.0,1672.0,CAT B,1170,50070
141,11621.0,14446.0,14609.0,1713.0,2071.0,CAT B,900,40490
142,10831.0,15438.0,16525.0,1370.0,1638.0,CAT B,980,51850
143,7650.0,5591.0,10198.0,1667.0,1993.0,CAT C,740,42840
144,8464.0,14185.0,15235.0,1638.0,1972.0,CAT B,810,60940
145,6502.0,9917.0,10173.0,1581.0,1905.0,CAT B,810,62280
146,4945.0,10098.0,9241.0,1795.0,2187.0,CAT A,300,76530
147,5123.0,8950.0,8719.0,1179.0,1412.0,CAT A,790,85130
148,7540.0,7861.0,10544.0,1978.0,2374.0,CAT B,800,48590
149,3529.0,13267.0,9687.0,1688.0,2042.0,CAT A,760,73080
150,7597.0,10595.0,9399.0,1214.0,1456.0,CAT B,530,48950
151,4198.0,8105.0,7609.0,1504.0,1805.0,CAT C,540,48560
152,9257.0,12705.0,15491.0,1498.0,1770.0,CAT B,620,59380
153,7611.0,8008.0,11018.0,1462.0,1762.0,CAT C,1010,51190
154,9334.0,12267.0,14658.0,1442.0,1750.0,CAT B,130,58920
155,3761.0,8492.0,8590.0,1250.0,1486.0,CAT B,730,50360
156,7738.0,9475.0,14329.0,1229.0,1480.0,CAT C,830,38070
157,5964.0,10763.0,12082.0,1936.0,2300.0,CAT C,1060,49170
158,7032.0,11598.0,12267.0,1369.0,1629.0,CAT C,770,39740
160,10868.0,12273.0,14157.0,1662.0,1986.0,CAT B,70,63730
162,10100.0,11816.0,14994.0,1548.0,1855.0,CAT A,670,85330
163,10967.0,12140.0,14999.0,1649.0,1963.0,CAT C,490,27410
164,11678.0,14658.0,14417.0,1393.0,1663.0,CAT C,670,37320
165,3644.0,10324.0,10264.0,1450.0,1734.0,CAT A,380,71120
166,5595.0,13050.0,12267.0,1613.0,1921.0,CAT A,1200,72800
167,10043.0,12339.0,14476.0,1408.0,1696.0,CAT C,350,34410
168,3050.0,11554.0,8995.0,775.0,932.0,CAT C,1090,42530
169,9487.0,10781.0,15148.0,1275.0,1534.0,CAT A,1230,54300
170,9674.0,12730.0,15159.0,1740.0,2078.0,CAT B,680,50780
171,6373.0,8175.0,9701.0,1372.0,1657.0,CAT B,580,45020
172,6326.0,11417.0,9620.0,1414.0,1723.0,CAT A,680,69600
173,3328.0,6678.0,9320.0,2044.0,2474.0,CAT B,340,80340
174,8509.0,10793.0,11170.0,1823.0,2176.0,CAT B,700,37810
175,9963.0,10658.0,14014.0,955.0,1133.0,CAT C,580,46140
176,5754.0,6031.0,9745.0,1465.0,1763.0,CAT A,680,99570
177,10039.0,8836.0,15253.0,1331.0,1606.0,CAT C,630,38650
178,8738.0,12259.0,15087.0,1232.0,1487.0,CAT C,860,49800
179,5736.0,11309.0,14316.0,1481.0,1765.0,CAT A,490,69910
180,4692.0,5460.0,7531.0,1343.0,1599.0,CAT B,870,44910
181,8391.0,12763.0,15332.0,1539.0,1837.0,CAT A,990,78470
182,9770.0,11006.0,16758.0,1007.0,1207.0,CAT B,670,47460
183,7371.0,9749.0,13443.0,1762.0,2145.0,CAT C,490,33460
184,10662.0,10945.0,13294.0,1527.0,1832.0,CAT C,580,44090
185,5654.0,10609.0,9842.0,1356.0,1619.0,CAT C,700,42620
186,13166.0,11814.0,18307.0,1536.0,1848.0,CAT B,670,69450
187,9255.0,11812.0,14629.0,1605.0,1902.0,CAT B,390,73120
188,4917.0,7195.0,9468.0,1704.0,2032.0,CAT C,590,48300
189,7557.0,9831.0,13403.0,1626.0,1941.0,CAT A,1350,58090
190,6424.0,13011.0,11082.0,1612.0,1939.0,CAT A,840,74250
191,4933.0,12836.0,12107.0,1174.0,1396.0,CAT B,1100,40930
192,7713.0,12150.0,13475.0,1923.0,2339.0,CAT A,950,70930
193,9247.0,8857.0,14642.0,1702.0,2053.0,CAT A,950,64670
194,15522.0,13528.0,20076.0,1398.0,1692.0,CAT A,650,77420
195,8691.0,10901.0,12693.0,1437.0,1717.0,CAT B,230,32330
196,10813.0,12852.0,16833.0,1524.0,1796.0,CAT C,1060,41080
198,10296.0,11300.0,10885.0,1660.0,1985.0,CAT C,1180,42860
199,9834.0,14431.0,16375.0,1302.0,1569.0,CAT C,710,68450
200,8704.0,13572.0,12349.0,1666.0,2000.0,CAT C,480,39730
201,7863.0,11266.0,12375.0,1391.0,1649.0,CAT A,810,83750
202,10083.0,13322.0,15167.0,1778.0,2148.0,CAT A,1140,69940
203,11203.0,12227.0,16293.0,1462.0,1770.0,CAT A,1070,67710
204,12499.0,11966.0,17546.0,1751.0,2115.0,CAT B,790,67360
205,10890.0,13235.0,13935.0,1652.0,1982.0,CAT C,690,52460
206,10502.0,12011.0,16938.0,1841.0,2215.0,CAT A,610,88760
208,13120.0,15147.0,20263.0,1496.0,1791.0,CAT A,1240,67030
209,1868.0,9951.0,9760.0,1504.0,1827.0,CAT A,840,78230
210,8643.0,12365.0,13695.0,1524.0,1808.0,CAT B,460,62270
211,8121.0,9372.0,10995.0,1148.0,1371.0,CAT A,940,49760
212,11100.0,10338.0,14201.0,1468.0,1744.0,CAT A,590,73660
213,6126.0,8116.0,14091.0,1310.0,1558.0,CAT A,890,72320
214,10187.0,12921.0,13539.0,1321.0,1579.0,CAT B,770,68890
215,4053.0,7724.0,8975.0,992.0,1192.0,CAT C,900,34180
216,9932.0,8958.0,14087.0,1540.0,1857.0,CAT C,1020,58260
217,8385.0,12977.0,14868.0,1807.0,2149.0,CAT B,910,38120
218,9236.0,12932.0,14681.0,1526.0,1853.0,CAT C,660,49070
219,11195.0,16650.0,18762.0,1406.0,1677.0,CAT A,480,61660
220,11749.0,11673.0,16036.0,1703.0,2055.0,CAT C,1080,37830
221,5159.0,12872.0,9786.0,1575.0,1872.0,CAT C,690,52270
222,11291.0,8711.0,14479.0,1309.0,1572.0,CAT C,510,52280
223,5312.0,12616.0,12095.0,1488.0,1807.0,CAT A,1030,70810
224,12001.0,16298.0,15585.0,1658.0,1988.0,CAT B,370,71530
225,9024.0,9404.0,13234.0,1863.0,2245.0,CAT A,640,77260
226,6209.0,10808.0,11285.0,1458.0,1725.0,CAT A,750,75550
227,5770.0,12932.0,13163.0,1604.0,1909.0,CAT C,370,33730
228,6697.0,8730.0,11209.0,1575.0,1899.0,CAT B,840,66270
229,5899.0,7614.0,9374.0,1525.0,1829.0,CAT A,840,55820
230,9939.0,14835.0,15351.0,1451.0,1737.0,CAT A,890,68430
231,12336.0,14878.0,17719.0,1390.0,1687.0,CAT A,620,73990
232,10238.0,9621.0,12102.0,1442.0,1742.0,CAT A,310,62800
233,10664.0,7432.0,14294.0,1620.0,1922.0,CAT B,550,33740
234,13071.0,15127.0,17387.0,1251.0,1527.0,CAT C,380,63830
235,7826.0,13333.0,11983.0,1318.0,1606.0,CAT C,1200,24410
236,10539.0,14728.0,14223.0,1647.0,1962.0,CAT A,800,70020
237,11355.0,11024.0,16005.0,1829.0,2175.0,CAT A,870,92240
238,8387.0,11281.0,14879.0,1852.0,2227.0,CAT C,1220,68230
239,12631.0,12290.0,14599.0,1699.0,2053.0,CAT A,1080,81870
240,5366.0,11566.0,12466.0,1325.0,1595.0,CAT A,540,73860
241,6571.0,10429.0,11465.0,1350.0,1634.0,CAT B,880,77120
242,5485.0,8488.0,12234.0,1347.0,1628.0,CAT A,120,72350
243,5181.0,9038.0,10100.0,1397.0,1661.0,CAT B,1410,49160
244,8085.0,11993.0,13463.0,1245.0,1499.0,CAT B,570,45650
245,10612.0,8229.0,15696.0,1366.0,1649.0,CAT B,940,52780
246,10625.0,13922.0,16123.0,1378.0,1658.0,CAT A,760,90960
247,2999.0,11347.0,8760.0,1767.0,2110.0,CAT A,1200,64950
248,10631.0,8780.0,15335.0,1184.0,1434.0,CAT C,670,47230
249,8323.0,10395.0,11206.0,1257.0,1505.0,CAT A,950,83250
251,5758.0,10148.0,13301.0,1863.0,2247.0,CAT C,480,51950
252,9707.0,8985.0,13875.0,1881.0,2244.0,CAT B,920,66030
253,13392.0,13930.0,18104.0,1329.0,1609.0,CAT B,1150,68590
254,4906.0,10462.0,12246.0,1539.0,1848.0,CAT B,750,47140
255,10006.0,10003.0,14751.0,1557.0,1861.0,CAT A,370,69940
256,6583.0,6438.0,10118.0,2007.0,2397.0,CAT C,610,65890
257,10100.0,11800.0,14304.0,1185.0,1418.0,CAT B,1150,89310
258,9573.0,13264.0,16608.0,1657.0,2003.0,CAT B,1070,58540
259,8231.0,10056.0,14031.0,1294.0,1539.0,CAT A,790,78130
260,10213.0,13975.0,15747.0,1296.0,1559.0,CAT A,1070,92300
261,10437.0,13268.0,14922.0,1733.0,2097.0,CAT B,730,56170
262,6382.0,6892.0,13197.0,1641.0,1976.0,CAT B,620,46050
263,5732.0,12634.0,12938.0,1373.0,1648.0,CAT B,530,43390
264,5402.0,6653.0,10474.0,1550.0,1845.0,CAT A,700,61750
265,7911.0,13003.0,12926.0,1583.0,1907.0,CAT C,680,21830
266,8784.0,12817.0,14448.0,1428.0,1719.0,CAT C,1060,39800
267,5566.0,9162.0,10429.0,1604.0,1925.0,CAT B,670,54370
268,8228.0,13686.0,13223.0,1439.0,1735.0,CAT A,400,62470
269,10414.0,11359.0,12764.0,1648.0,2003.0,CAT A,910,82930
270,12974.0,13529.0,18046.0,1025.0,1231.0,CAT B,760,63720
271,8712.0,10134.0,13615.0,2001.0,2394.0,CAT B,540,79180
272,4616.0,9983.0,10644.0,1145.0,1370.0,CAT B,350,38210
273,8370.0,13716.0,13115.0,1174.0,1426.0,CAT C,980,25950
274,11875.0,9962.0,14066.0,913.0,1106.0,CAT A,860,56610
275,8895.0,10317.0,12353.0,1199.0,1433.0,CAT A,1020,73710
276,7653.0,11521.0,14161.0,1875.0,2254.0,CAT A,1120,70400
277,13339.0,15821.0,18449.0,1153.0,1397.0,CAT C,1020,50440
278,4355.0,6857.0,6316.0,1240.0,1492.0,CAT B,940,66840
279,5577.0,8399.0,11778.0,1381.0,1660.0,CAT B,970,50170
281,11184.0,12656.0,14583.0,1701.0,2030.0,CAT C,830,60140
282,12728.0,12131.0,16681.0,1206.0,1456.0,CAT C,920,37130
283,6297.0,11128.0,11198.0,1476.0,1777.0,CAT C,660,42890
284,7531.0,12145.0,13548.0,1189.0,1439.0,CAT B,780,26220
285,9061.0,8496.0,14431.0,1837.0,2220.0,CAT A,340,50840
286,4637.0,8636.0,11431.0,1319.0,1571.0,CAT C,1190,25630
287,7573.0,9645.0,14012.0,1617.0,1901.0,CAT B,490,60770
288,6923.0,7928.0,12000.0,1631.0,1967.0,CAT B,1090,69600
289,7635.0,10625.0,12975.0,1517.0,1805.0,CAT C,1040,41740
290,8117.0,13349.0,16226.0,1764.0,2109.0,CAT C,1210,50130
291,8726.0,12035.0,10170.0,1572.0,1869.0,CAT C,1030,21750
292,10437.0,13667.0,12454.0,1855.0,2197.0,CAT B,1170,80490
293,7974.0,13932.0,12772.0,1327.0,1571.0,CAT B,730,34020
294,8705.0,12027.0,14258.0,1270.0,1515.0,CAT B,720,60240
295,6573.0,11137.0,9470.0,1734.0,2073.0,CAT B,500,39460
296,11017.0,8028.0,14703.0,1533.0,1848.0,CAT B,1070,56440
297,10517.0,9839.0,13059.0,1390.0,1646.0,CAT B,800,46840
298,5896.0,14047.0,13272.0,1856.0,2216.0,CAT B,1020,64820
299,8051.0,10492.0,11114.0,1000.0,1215.0,CAT A,1070,52520
300,7097.0,13252.0,13997.0,1313.0,1586.0,CAT C,420,45940
301,4219.0,5927.0,7860.0,1494.0,1799.0,CAT C,510,38970
302,9908.0,12872.0,13554.0,1386.0,1674.0,CAT B,1210,58610
303,8913.0,7116.0,12276.0,1979.0,2364.0,CAT C,660,30810
304,7964.0,17040.0,14582.0,1057.0,1264.0,CAT B,360,47730
305,4019.0,7091.0,8720.0,902.0,1093.0,CAT A,1210,64640
306,9242.0,13331.0,13748.0,1644.0,2003.0,CAT C,-110,32750
307,8801.0,11775.0,12950.0,1347.0,1622.0,CAT B,560,44860
308,10720.0,13072.0,14860.0,1314.0,1576.0,CAT B,360,55660
309,8556.0,11931.0,13511.0,1513.0,1803.0,CAT C,970,57530
310,8933.0,14064.0,14874.0,1305.0,1548.0,CAT A,480,75200
311,8100.0,9239.0,10996.0,1180.0,1436.0,CAT B,690,37330
312,9354.0,8578.0,10360.0,1142.0,1352.0,CAT C,710,35280
313,10692.0,13202.0,16298.0,1471.0,1768.0,CAT A,780,70610
314,12386.0,12834.0,13614.0,1075.0,1288.0,CAT C,630,49720
315,8541.0,13767.0,13081.0,1578.0,1885.0,CAT A,220,68850
316,8450.0,10286.0,13820.0,1585.0,1916.0,CAT C,1110,50740
317,9803.0,14989.0,14259.0,1391.0,1648.0,CAT A,720,77070
318,11142.0,10953.0,14331.0,1577.0,1892.0,CAT A,560,74730
319,9851.0,13410.0,16916.0,1092.0,1314.0,CAT A,600,76530
320,6089.0,13147.0,10479.0,1375.0,1681.0,CAT A,440,68900
321,11240.0,9781.0,15232.0,1523.0,1813.0,CAT A,520,44960
322,10349.0,10540.0,14593.0,1373.0,1654.0,CAT B,410,41490
323,6237.0,11896.0,12512.0,1550.0,1871.0,CAT A,590,74320
324,5516.0,9426.0,11457.0,1614.0,1946.0,CAT A,740,73800
326,8362.0,9041.0,13899.0,1566.0,1889.0,CAT B,610,56400
327,4603.0,9103.0,10753.0,2019.0,2396.0,CAT A,540,71570
328,4904.0,11562.0,12490.0,1494.0,1806.0,CAT B,1450,43640
329,9722.0,13414.0,13617.0,1659.0,2008.0,CAT C,620,35120
330,8884.0,6700.0,11772.0,1766.0,2131.0,CAT B,340,58670
331,10457.0,16441.0,17743.0,1293.0,1554.0,CAT A,970,75800
332,3114.0,7163.0,8477.0,1375.0,1659.0,CAT A,1080,76640
333,9132.0,11092.0,13571.0,1236.0,1484.0,CAT B,560,31890
334,11416.0,11521.0,18432.0,1332.0,1586.0,CAT C,630,61670
335,7492.0,12257.0,11623.0,1513.0,1825.0,CAT A,980,75950
336,9464.0,10762.0,13998.0,1208.0,1459.0,CAT C,930,41490
337,7960.0,15487.0,11348.0,1190.0,1429.0,CAT B,470,66170
338,4850.0,12848.0,11995.0,1448.0,1734.0,CAT C,680,37980
339,9308.0,18281.0,18532.0,1771.0,2147.0,CAT C,430,62710
340,5889.0,12646.0,10210.0,1365.0,1645.0,CAT A,830,60470
341,5622.0,11612.0,11735.0,1510.0,1810.0,CAT C,950,35230
342,6509.0,11842.0,12569.0,1458.0,1736.0,CAT B,870,48550
343,13991.0,16736.0,17999.0,1808.0,2157.0,CAT C,730,56810
344,8257.0,11489.0,12600.0,1615.0,1954.0,CAT B,760,41080
345,7259.0,11982.0,13297.0,1640.0,1948.0,CAT C,960,51270
346,7197.0,7872.0,11113.0,1060.0,1273.0,CAT B,860,57500
347,9119.0,11639.0,14374.0,1633.0,1968.0,CAT C,330,81470
348,9375.0,9562.0,12062.0,1222.0,1473.0,CAT A,630,49570
349,12946.0,11622.0,15214.0,1619.0,1957.0,CAT B,1280,45580
350,10948.0,11622.0,14879.0,1624.0,1973.0,CAT C,1440,44660
351,5790.0,14387.0,9654.0,1887.0,2278.0,CAT A,570,76240
352,9107.0,9300.0,17103.0,1320.0,1583.0,CAT B,540,43720
353,11198.0,10781.0,16789.0,1450.0,1750.0,CAT C,480,46700
354,8278.0,16251.0,13857.0,1455.0,1764.0,CAT A,390,84690
355,7364.0,7633.0,12153.0,966.0,1172.0,CAT A,900,85470
356,8692.0,9271.0,12352.0,1922.0,2290.0,CAT A,290,80410
357,8256.0,16042.0,16071.0,1678.0,1999.0,CAT C,740,46650
358,11986.0,17552.0,19014.0,1638.0,1952.0,CAT A,690,81840
360,4604.0,5839.0,7428.0,1145.0,1375.0,CAT A,950,63590
361,20662.0,20945.0,23294.0,24300.0,12730.0,CAT B,1130,1500000
362,4846.0,6375.0,9920.0,2004.0,2390.0,CAT B,930,50130
363,15321.0,11916.0,16620.0,1954.0,2378.0,CAT C,810,45820
364,7618.0,7083.0,10051.0,1577.0,1879.0,CAT A,760,86710
365,9666.0,10668.0,16002.0,1766.0,2138.0,CAT B,580,49980
366,7318.0,9441.0,12192.0,1362.0,1634.0,CAT A,770,82940
367,8927.0,10229.0,13380.0,1886.0,2228.0,CAT C,1530,40350
368,8197.0,14389.0,13108.0,1291.0,1546.0,CAT A,420,93950
369,6276.0,10973.0,13016.0,1584.0,1897.0,CAT C,1210,47310
370,7338.0,8547.0,12034.0,1397.0,1686.0,CAT B,850,21300
371,9410.0,12397.0,15927.0,1445.0,1709.0,CAT A,1340,62180
372,7047.0,9529.0,14945.0,1433.0,1707.0,CAT B,1160,61460
373,7788.0,10946.0,14208.0,1269.0,1511.0,CAT C,500,54360
374,7373.0,8907.0,11449.0,1798.0,2134.0,CAT A,820,72050
375,9415.0,12467.0,12841.0,1514.0,1822.0,CAT C,670,48090
376,6792.0,11510.0,14652.0,1015.0,1216.0,CAT C,460,27310
377,604.0,6231.0,4922.0,1495.0,1799.0,CAT B,950,57160
378,12898.0,12966.0,15635.0,1759.0,2095.0,CAT C,980,34190
379,6153.0,10234.0,10502.0,1219.0,1468.0,CAT B,850,35600
380,7281.0,8521.0,13216.0,1571.0,1877.0,CAT B,580,54670
381,8475.0,14837.0,13124.0,1404.0,1670.0,CAT A,620,76730
383,9913.0,12642.0,15044.0,1124.0,1369.0,CAT B,650,63540
384,6650.0,6080.0,10017.0,1514.0,1837.0,CAT B,1130,36690
385,10027.0,11992.0,15660.0,1207.0,1476.0,CAT A,720,87370
386,5558.0,8275.0,10846.0,1484.0,1774.0,CAT A,940,59800
387,5162.0,6611.0,9842.0,1398.0,1678.0,CAT B,920,48030
388,8283.0,14385.0,15540.0,1769.0,2112.0,CAT A,660,96650
389,6469.0,10114.0,11295.0,1111.0,1322.0,CAT A,610,65500
390,7754.0,9915.0,9861.0,1078.0,1305.0,CAT A,1190,55530
391,9689.0,10159.0,11554.0,1876.0,2254.0,CAT C,1340,21650
392,13015.0,15026.0,15586.0,1909.0,2306.0,CAT C,820,31940
393,5944.0,7143.0,12384.0,1940.0,2343.0,CAT A,1130,84690
394,3132.0,8369.0,8805.0,1391.0,1683.0,CAT B,890,68390
395,7508.0,10841.0,11927.0,1496.0,1774.0,CAT A,810,75490
396,3772.0,6427.0,10119.0,1412.0,1699.0,CAT B,680,39200
397,12545.0,14209.0,16889.0,1121.0,1345.0,CAT A,320,85670
398,12012.0,8507.0,12364.0,1691.0,2026.0,CAT C,700,60530
399,11605.0,12579.0,16088.0,1599.0,1946.0,CAT B,940,78090
401,9154.0,12441.0,14070.0,1208.0,1467.0,CAT B,910,50720
402,9468.0,11604.0,13764.0,1454.0,1737.0,CAT C,870,23090
403,8044.0,14513.0,15360.0,1555.0,1881.0,CAT A,1260,91360
404,7317.0,7638.0,13712.0,1554.0,1852.0,CAT B,440,48120
405,6860.0,12712.0,12638.0,1491.0,1800.0,CAT A,980,75620
406,7270.0,9499.0,11654.0,1415.0,1697.0,CAT B,1200,39420
407,6832.0,13517.0,9360.0,1487.0,1801.0,CAT B,890,51130
408,6830.0,12550.0,12612.0,1339.0,1589.0,CAT C,1050,33890
409,7823.0,9200.0,13495.0,1320.0,1562.0,CAT A,610,87170
410,8773.0,13547.0,15551.0,1509.0,1799.0,CAT A,960,38600
411,6947.0,9487.0,10385.0,1406.0,1680.0,CAT A,860,60980
412,7083.0,7275.0,10474.0,1264.0,1502.0,CAT A,800,79410
413,10057.0,8292.0,13595.0,1905.0,2280.0,CAT B,1060,82350
414,7214.0,13739.0,13314.0,1209.0,1464.0,CAT C,600,36740
415,7935.0,7911.0,10691.0,1546.0,1829.0,CAT B,380,27720
416,5787.0,14151.0,14705.0,1689.0,2044.0,CAT C,1140,32260
417,9259.0,8471.0,12891.0,1153.0,1381.0,CAT B,730,53270
418,11445.0,5955.0,13648.0,2063.0,2493.0,CAT C,810,51480
419,6650.0,8409.0,12131.0,1848.0,2254.0,CAT B,1000,59970
420,6858.0,12850.0,12287.0,1718.0,2056.0,CAT A,1220,83600
421,11309.0,8252.0,13199.0,1480.0,1773.0,CAT B,360,63020
422,5727.0,5902.0,10754.0,1439.0,1724.0,CAT A,900,50920
423,9328.0,13093.0,12841.0,1576.0,1896.0,CAT B,750,56450
424,4049.0,4402.0,8614.0,1948.0,2374.0,CAT A,930,89540
425,5440.0,12550.0,11734.0,1613.0,1893.0,CAT C,1180,46030
427,12977.0,12302.0,16496.0,896.0,1059.0,CAT A,870,75110
428,11246.0,10333.0,13997.0,1625.0,1943.0,CAT A,680,74520
429,16233.0,15074.0,18566.0,1303.0,1587.0,CAT A,1310,102310
430,6824.0,6352.0,8577.0,1340.0,1605.0,CAT B,1000,53400
431,4127.0,8367.0,9533.0,1410.0,1704.0,CAT B,1130,59760
432,6214.0,14164.0,14555.0,1432.0,1719.0,CAT B,990,49540
433,12322.0,10530.0,16409.0,1891.0,2280.0,CAT C,360,51560
434,5389.0,10389.0,11111.0,1322.0,1583.0,CAT A,720,49510
435,5900.0,10980.0,12617.0,1378.0,1670.0,CAT C,950,58610
436,11537.0,13214.0,17191.0,1462.0,1732.0,CAT A,840,68260
437,12794.0,17541.0,20046.0,1440.0,1733.0,CAT A,1120,65310
438,9405.0,12156.0,15118.0,1421.0,1724.0,CAT A,920,52090
439,5508.0,7881.0,10157.0,1280.0,1530.0,CAT C,1240,43860
440,13275.0,9872.0,15303.0,1431.0,1710.0,CAT A,840,74170
442,7807.0,9674.0,12678.0,1161.0,1404.0,CAT C,430,58380
443,8634.0,11628.0,12786.0,1175.0,1405.0,CAT A,810,91200
444,11031.0,12462.0,13010.0,1395.0,1662.0,CAT A,920,90940
445,6266.0,13767.0,12066.0,1443.0,1755.0,CAT C,880,49330
446,5359.0,8372.0,11239.0,1247.0,1523.0,CAT C,1350,53500
447,9569.0,10441.0,12905.0,1788.0,2133.0,CAT B,1000,54590
448,6465.0,10915.0,10058.0,1138.0,1375.0,CAT B,1220,57450
449,10068.0,10816.0,13429.0,1709.0,2042.0,CAT C,430,33240
450,5499.0,10606.0,10603.0,1777.0,2145.0,CAT A,520,80790
451,8395.0,12601.0,13089.0,1612.0,1918.0,CAT B,580,61000
452,9204.0,10843.0,14663.0,1618.0,1943.0,CAT B,460,47620
453,6885.0,7314.0,10673.0,1311.0,1571.0,CAT B,470,72090
454,5728.0,10253.0,11216.0,1365.0,1638.0,CAT A,680,102920
455,6669.0,11500.0,11948.0,1249.0,1503.0,CAT A,950,61970
456,4846.0,9003.0,10135.0,1373.0,1635.0,CAT A,840,61040
457,8850.0,10060.0,11765.0,1536.0,1836.0,CAT B,990,52060
458,12862.0,12087.0,17686.0,1744.0,2101.0,CAT A,520,69570
459,13925.0,14473.0,17746.0,1513.0,1820.0,CAT B,520,66020
460,11082.0,12407.0,14913.0,1297.0,1561.0,CAT B,1070,40000
461,3971.0,7129.0,5913.0,1908.0,2304.0,CAT A,990,79500
462,7136.0,8734.0,9830.0,1721.0,2076.0,CAT A,710,76300
463,6736.0,13652.0,12823.0,1243.0,1491.0,CAT A,430,69030
464,10701.0,15780.0,15366.0,1472.0,1766.0,CAT B,1290,57140
465,9089.0,14320.0,13391.0,1307.0,1570.0,CAT B,1080,41710
466,7753.0,8307.0,13508.0,1628.0,1959.0,CAT C,890,71480
467,10162.0,10094.0,12564.0,1556.0,1869.0,CAT C,1000,33010
468,9393.0,11121.0,12596.0,1179.0,1428.0,CAT A,1290,74570
469,10272.0,8355.0,13586.0,1768.0,2123.0,CAT B,860,49590
470,7265.0,12325.0,12060.0,1378.0,1656.0,CAT A,1010,73170
471,7457.0,12005.0,13976.0,1685.0,2015.0,CAT A,1160,79220
472,6475.0,8198.0,9766.0,1474.0,1759.0,CAT A,880,75880
473,8032.0,7922.0,9846.0,1794.0,2137.0,CAT B,670,67610
474,10709.0,10849.0,17155.0,1086.0,1291.0,CAT A,930,69090
475,4783.0,11103.0,9602.0,1808.0,2154.0,CAT C,990,35220
476,5381.0,5177.0,8992.0,1501.0,1790.0,CAT B,450,53940
477,5258.0,9505.0,8580.0,1353.0,1598.0,CAT B,690,56660
478,8799.0,10559.0,14496.0,1455.0,1757.0,CAT A,650,67520
479,10063.0,10671.0,14466.0,1165.0,1411.0,CAT C,1020,38620
481,11238.0,14329.0,15943.0,1332.0,1610.0,CAT C,880,38890
482,6284.0,11514.0,11302.0,1396.0,1668.0,CAT A,760,79270
483,6855.0,11349.0,11719.0,1513.0,1821.0,CAT C,690,42880
484,9914.0,11558.0,16360.0,1618.0,1940.0,CAT C,630,44240
485,7971.0,8165.0,12202.0,1845.0,2233.0,CAT B,370,43190
487,5845.0,5999.0,10472.0,1172.0,1411.0,CAT A,460,74550
489,9881.0,12215.0,14248.0,1436.0,1737.0,CAT B,770,57090
490,7132.0,9530.0,11594.0,1738.0,2065.0,CAT B,750,56480
491,6063.0,8269.0,10928.0,2229.0,2667.0,CAT A,660,87410
492,11487.0,12958.0,17196.0,1490.0,1783.0,CAT A,730,81370
493,11888.0,15672.0,16427.0,1060.0,1279.0,CAT A,670,97360
494,3553.0,6062.0,7649.0,2015.0,2436.0,CAT B,680,77960
495,9590.0,10173.0,13574.0,1611.0,1919.0,CAT A,960,71240
496,11139.0,14537.0,17452.0,1187.0,1417.0,CAT C,1230,58940
497,12787.0,12142.0,15454.0,1430.0,1690.0,CAT A,800,78950
498,8193.0,12666.0,14844.0,1543.0,1840.0,CAT C,450,36380
499,10452.0,10978.0,16079.0,1836.0,2195.0,CAT C,940,45160
500,9337.0,9865.0,11171.0,1463.0,1764.0,CAT B,1060,69050
501,7531.0,15408.0,14394.0,1213.0,1462.0,CAT B,560,56830
502,8558.0,13467.0,15079.0,1244.0,1480.0,CAT A,860,93530
504,7905.0,10054.0,15182.0,1745.0,2108.0,CAT B,730,46920
505,5044.0,9458.0,12063.0,933.0,1121.0,CAT A,940,55990
506,8346.0,11640.0,12725.0,1764.0,2132.0,CAT C,920,40840
507,5464.0,7752.0,11406.0,1675.0,2002.0,CAT B,1050,64990
508,7678.0,14228.0,14778.0,1688.0,2046.0,CAT B,380,53550
509,7205.0,9682.0,13179.0,1842.0,2204.0,CAT C,930,51320
510,8344.0,8916.0,11192.0,1316.0,1597.0,CAT C,980,36560
511,6049.0,11589.0,10343.0,1440.0,1719.0,CAT B,580,66050
512,10814.0,14071.0,17512.0,1760.0,2111.0,CAT C,680,52400
513,6390.0,10143.0,9685.0,1323.0,1571.0,CAT C,850,27970
514,2992.0,5718.0,5446.0,1230.0,1466.0,CAT C,730,67100
515,9363.0,13333.0,14529.0,1540.0,1838.0,CAT C,570,43710
516,8865.0,8515.0,12294.0,1167.0,1388.0,CAT B,620,38600
517,7127.0,8762.0,10749.0,1429.0,1695.0,CAT B,890,53890
518,10670.0,10435.0,16607.0,1491.0,1770.0,CAT C,800,52610
519,9172.0,14024.0,12540.0,1313.0,1574.0,CAT B,920,43130
520,9800.0,9133.0,13657.0,1609.0,1943.0,CAT B,920,40300
521,7998.0,12742.0,13303.0,1109.0,1342.0,CAT B,760,49750
522,4068.0,7624.0,6764.0,1207.0,1440.0,CAT B,500,43840
523,10531.0,11054.0,15189.0,902.0,1087.0,CAT A,680,56820
524,8588.0,13937.0,8728.0,1191.0,1422.0,CAT C,770,36350
525,9074.0,7556.0,12666.0,1335.0,1601.0,CAT B,460,50820
526,7073.0,14107.0,14781.0,1382.0,1660.0,CAT A,1070,83720
527,2756.0,5325.0,6808.0,1588.0,1906.0,CAT B,450,46970
528,6756.0,5976.0,9051.0,1918.0,2284.0,CAT B,310,78020
529,7360.0,8950.0,13140.0,1484.0,1774.0,CAT B,880,45080
530,6934.0,14287.0,12528.0,1334.0,1607.0,CAT C,370,55160
531,6569.0,13470.0,12541.0,1556.0,1846.0,CAT A,760,72020
532,6979.0,10242.0,10270.0,1784.0,2142.0,CAT B,950,64010
533,5584.0,10514.0,11003.0,1244.0,1477.0,CAT B,890,27840
534,6750.0,11495.0,13016.0,1496.0,1787.0,CAT C,800,58070
535,10320.0,11719.0,14343.0,1719.0,2058.0,CAT B,700,51760
536,8590.0,11229.0,12737.0,1678.0,2022.0,CAT B,1050,66050
537,5991.0,12588.0,12015.0,1247.0,1490.0,CAT B,330,65750
538,7056.0,10860.0,12856.0,1191.0,1421.0,CAT B,980,65820
539,7765.0,7313.0,10302.0,1832.0,2208.0,CAT B,1090,46760
540,7894.0,11648.0,10009.0,1271.0,1523.0,CAT A,1140,50940
541,11999.0,12241.0,14575.0,1735.0,2084.0,CAT A,820,56440
542,8063.0,11923.0,12361.0,1627.0,1948.0,CAT C,890,32610
543,6493.0,14696.0,14315.0,1351.0,1616.0,CAT B,650,62770
544,7669.0,10444.0,12941.0,1520.0,1817.0,CAT A,850,63600
545,4116.0,11266.0,11661.0,1490.0,1788.0,CAT C,360,45840
547,9089.0,9503.0,13179.0,1777.0,2117.0,CAT B,780,38280
548,7996.0,6753.0,9959.0,1688.0,2037.0,CAT B,590,50960
549,9916.0,12241.0,15485.0,1537.0,1836.0,CAT C,670,39480
550,10340.0,14340.0,17721.0,1622.0,1968.0,CAT C,340,69610
551,6514.0,11008.0,11301.0,1148.0,1384.0,CAT B,730,47800
553,8230.0,10705.0,11862.0,1001.0,1194.0,CAT C,1210,44890
554,16850.0,15553.0,22407.0,1857.0,2236.0,CAT A,1280,67420
555,11014.0,10848.0,14405.0,1552.0,1869.0,CAT A,710,78870
556,8917.0,9699.0,11425.0,1700.0,2064.0,CAT A,940,70310
557,9927.0,11760.0,12555.0,1554.0,1844.0,CAT C,670,38530
558,9059.0,11486.0,11984.0,1482.0,1777.0,CAT A,800,77570
559,14005.0,9744.0,17121.0,1275.0,1517.0,CAT B,790,59920
560,6427.0,13284.0,13775.0,1642.0,1981.0,CAT C,720,54450
561,6440.0,10689.0,13561.0,1381.0,1633.0,CAT C,1270,50250
562,3167.0,9659.0,8682.0,1381.0,1634.0,CAT B,930,30790
563,5579.0,11928.0,11294.0,1057.0,1262.0,CAT C,1490,35420
564,5876.0,13703.0,7564.0,1192.0,1445.0,CAT B,810,43470
565,11812.0,13363.0,17040.0,1601.0,1920.0,CAT C,600,61000
566,10881.0,13649.0,15717.0,1622.0,1968.0,CAT A,210,64780
568,2314.0,8933.0,8231.0,1607.0,1909.0,CAT C,460,39030
569,9559.0,9796.0,13278.0,2214.0,2647.0,CAT B,740,65900
570,4113.0,12277.0,10937.0,1633.0,1936.0,CAT B,1320,46050
571,8836.0,10580.0,14360.0,1546.0,1845.0,CAT B,760,59070
572,9281.0,8825.0,11191.0,1475.0,1753.0,CAT B,920,44670
573,10724.0,14028.0,16129.0,1270.0,1519.0,CAT A,920,58390
574,9109.0,10436.0,11963.0,1185.0,1420.0,CAT A,880,80370
575,9684.0,11953.0,15162.0,1614.0,1938.0,CAT B,1110,53230
576,8363.0,11994.0,12873.0,1141.0,1353.0,CAT A,1370,72000
577,9021.0,11522.0,13615.0,1244.0,1481.0,CAT A,410,84040
578,7175.0,5750.0,12044.0,869.0,1050.0,CAT B,850,52540
579,11897.0,12621.0,15693.0,2049.0,2465.0,CAT B,720,63510
580,5266.0,6740.0,8531.0,1883.0,2262.0,CAT B,570,42240
581,9547.0,11233.0,13642.0,1526.0,1842.0,CAT C,690,39580
582,5277.0,9221.0,9414.0,1165.0,1390.0,CAT B,1220,54610
583,10453.0,11981.0,14868.0,1832.0,2185.0,CAT A,840,87330
584,6736.0,14813.0,14125.0,1723.0,2072.0,CAT A,560,88410
585,1648.0,4950.0,6583.0,932.0,1138.0,CAT B,820,89760
586,3784.0,10365.0,9878.0,1137.0,1374.0,CAT A,700,101780
587,11335.0,12652.0,15503.0,1231.0,1472.0,CAT B,810,70290
588,11826.0,16146.0,16532.0,1237.0,1512.0,CAT A,1070,88210
589,10961.0,17111.0,15477.0,1371.0,1650.0,CAT A,540,87160
590,7570.0,8829.0,12505.0,1767.0,2158.0,CAT B,530,41540
591,5738.0,8270.0,10242.0,1748.0,2092.0,CAT B,580,49170
592,6237.0,10793.0,12774.0,1212.0,1440.0,CAT B,500,63950
593,8081.0,9852.0,14028.0,1466.0,1743.0,CAT A,1200,70810
594,6344.0,9442.0,14746.0,1152.0,1386.0,CAT B,980,49590
595,11139.0,11743.0,15206.0,1439.0,1703.0,CAT B,1000,67290
597,7284.0,11172.0,13742.0,2026.0,2400.0,CAT C,720,51240
598,6270.0,11440.0,9163.0,1772.0,2146.0,CAT B,1030,48540
599,2017.0,8473.0,9077.0,1511.0,1822.0,CAT B,420,72410
600,5908.0,10764.0,11187.0,1199.0,1461.0,CAT B,1070,54370
601,8655.0,10639.0,14020.0,1834.0,2184.0,CAT A,830,94460
602,13070.0,16770.0,19497.0,1143.0,1375.0,CAT A,940,85160
603,7348.0,6714.0,10920.0,1494.0,1794.0,CAT C,550,52130
604,12951.0,12503.0,15166.0,1770.0,2131.0,CAT B,1140,54650
605,5212.0,9235.0,9335.0,1455.0,1747.0,CAT A,750,69320
606,6177.0,6009.0,9642.0,1141.0,1372.0,CAT B,620,51480
607,9374.0,13102.0,13706.0,1586.0,1886.0,CAT C,660,50060
608,6967.0,12104.0,11007.0,1701.0,2034.0,CAT A,660,62180
609,10314.0,12431.0,12349.0,1860.0,2246.0,CAT A,410,79780
610,3543.0,7722.0,8175.0,1167.0,1406.0,CAT C,440,42860
611,3685.0,6787.0,8033.0,1424.0,1716.0,CAT B,630,54410
612,12580.0,14692.0,17517.0,1710.0,2053.0,CAT B,730,69390
613,8176.0,12223.0,14233.0,1408.0,1708.0,CAT B,220,42810
614,9015.0,9628.0,12697.0,1517.0,1831.0,CAT C,610,30840
615,7002.0,8425.0,11450.0,1227.0,1476.0,CAT B,720,56260
616,8272.0,8092.0,12626.0,1609.0,1930.0,CAT B,740,76470
617,9726.0,11935.0,15318.0,1553.0,1831.0,CAT C,740,35680
618,5572.0,13280.0,11351.0,1814.0,2174.0,CAT A,770,90070
619,10440.0,11464.0,15648.0,1240.0,1493.0,CAT B,590,33120
620,5189.0,9059.0,10863.0,1206.0,1437.0,CAT A,1330,54060
621,9935.0,15807.0,18595.0,1847.0,2186.0,CAT B,910,75120
622,7300.0,12541.0,13715.0,1009.0,1202.0,CAT C,330,41600
623,4619.0,10768.0,11787.0,1624.0,1946.0,CAT C,870,20270
624,10773.0,12323.0,16823.0,1612.0,1931.0,CAT B,790,60060
625,11124.0,8732.0,14790.0,1498.0,1805.0,CAT A,1270,82270
626,10489.0,12274.0,13086.0,946.0,1125.0,CAT B,590,29170
627,8270.0,14406.0,15231.0,1563.0,1872.0,CAT A,1080,68420
628,5985.0,12402.0,11559.0,1664.0,2016.0,CAT B,830,59130
629,4955.0,12586.0,14979.0,1619.0,1947.0,CAT A,910,74330
630,9188.0,13997.0,14768.0,1433.0,1722.0,CAT A,830,77080
631,11801.0,11283.0,14728.0,1241.0,1489.0,CAT A,1380,76250
632,9006.0,13952.0,14368.0,1429.0,1720.0,CAT A,1180,59540
633,9667.0,12214.0,14277.0,1241.0,1488.0,CAT A,770,54690
634,3605.0,11017.0,12447.0,1078.0,1306.0,CAT A,680,84360
635,8846.0,11995.0,12883.0,1690.0,2065.0,CAT B,910,51420
636,6976.0,13119.0,13556.0,1289.0,1536.0,CAT A,540,65120
637,8050.0,11347.0,13218.0,1581.0,1894.0,CAT C,760,49380
638,5760.0,8577.0,9947.0,1608.0,1945.0,CAT B,760,37830
639,11209.0,10016.0,14328.0,1344.0,1608.0,CAT C,730,35980
640,7739.0,13750.0,14696.0,1513.0,1804.0,CAT A,430,69190
641,5761.0,7680.0,10875.0,1529.0,1839.0,CAT B,1000,50590
642,3702.0,7220.0,12065.0,1677.0,2014.0,CAT A,660,60800
643,7570.0,11481.0,13873.0,1015.0,1229.0,CAT C,930,31180
644,7804.0,14219.0,12142.0,1438.0,1751.0,CAT A,760,77790
645,8283.0,11709.0,15284.0,1426.0,1718.0,CAT C,370,47570
646,8451.0,11465.0,12406.0,1412.0,1701.0,CAT A,630,69130
647,6666.0,10531.0,12005.0,1622.0,1944.0,CAT A,360,75970
648,12337.0,13653.0,15193.0,1503.0,1791.0,CAT C,630,68350
649,7188.0,12268.0,12783.0,1501.0,1789.0,CAT C,670,41680
650,10632.0,14276.0,13109.0,1971.0,2342.0,CAT B,690,86560
651,11310.0,12783.0,15627.0,1383.0,1687.0,CAT A,830,81390
652,6745.0,5772.0,9747.0,1371.0,1635.0,CAT A,720,50730
653,8645.0,10897.0,15845.0,1508.0,1823.0,CAT A,520,71290
654,6714.0,7862.0,10067.0,1057.0,1284.0,CAT A,750,70110
655,8351.0,11696.0,13422.0,1411.0,1680.0,CAT A,1070,61590
656,7673.0,12311.0,13146.0,1466.0,1746.0,CAT C,590,69370
657,9792.0,10755.0,15681.0,1545.0,1888.0,CAT B,600,67110
658,11255.0,9174.0,16617.0,2044.0,2408.0,CAT B,380,82020
659,8148.0,12093.0,13164.0,1887.0,2264.0,CAT C,830,62050
660,8168.0,15365.0,15215.0,1505.0,1836.0,CAT C,940,61730
661,9545.0,9831.0,12811.0,1422.0,1722.0,CAT C,560,58660
662,7550.0,11193.0,13279.0,1564.0,1869.0,CAT B,1030,53370
663,8707.0,14403.0,13703.0,1510.0,1810.0,CAT C,730,39700
664,5632.0,9765.0,9859.0,1568.0,1920.0,CAT C,890,53750
665,4778.0,9811.0,11385.0,1933.0,2338.0,CAT B,1140,44730
666,5222.0,8952.0,11776.0,1501.0,1822.0,CAT B,590,49350
667,10014.0,11682.0,13425.0,1593.0,1911.0,CAT B,580,43340
668,14637.0,15127.0,14763.0,1812.0,2189.0,CAT A,310,78090
669,7903.0,7881.0,11860.0,1580.0,1895.0,CAT B,720,54950
670,12359.0,13926.0,15304.0,1440.0,1749.0,CAT A,490,75530
671,9751.0,10544.0,12888.0,1100.0,1331.0,CAT B,1010,57330
672,5947.0,8114.0,11272.0,1534.0,1841.0,CAT A,680,87930
673,10809.0,12539.0,15552.0,1299.0,1555.0,CAT B,1020,56850
674,12389.0,12020.0,17056.0,1767.0,2121.0,CAT A,1050,78430
675,5598.0,12246.0,10900.0,1368.0,1649.0,CAT B,740,63660
676,5539.0,13503.0,11421.0,1393.0,1670.0,CAT A,410,62960
677,10370.0,11615.0,14419.0,1327.0,1590.0,CAT A,770,81870
678,8128.0,14461.0,15753.0,1514.0,1794.0,CAT B,1400,54820
679,7288.0,9560.0,12531.0,1989.0,2414.0,CAT A,860,116320
680,9823.0,13861.0,14579.0,1334.0,1584.0,CAT B,840,57200
681,5351.0,6435.0,12231.0,1533.0,1817.0,CAT A,950,84360
682,6685.0,10345.0,8646.0,1809.0,2145.0,CAT B,940,36530
683,9329.0,11050.0,12306.0,1607.0,1933.0,CAT A,930,81260
684,13823.0,16489.0,17178.0,1165.0,1387.0,CAT A,1060,82350
685,7431.0,11293.0,10991.0,1193.0,1430.0,CAT A,560,80830
686,8759.0,12879.0,13776.0,1709.0,2065.0,CAT C,670,30610
687,9420.0,13980.0,13290.0,1525.0,1839.0,CAT B,540,51310
688,7846.0,7486.0,12195.0,1348.0,1623.0,CAT A,1010,72940
690,5038.0,14034.0,11450.0,1132.0,1366.0,CAT B,1340,52450
691,5059.0,7402.0,10629.0,1667.0,2020.0,CAT A,980,66070
692,8012.0,5276.0,11844.0,1427.0,1720.0,CAT B,630,43190
693,4079.0,8940.0,9831.0,1211.0,1447.0,CAT B,1110,40730
694,8406.0,12039.0,13144.0,1717.0,2048.0,CAT A,700,78530
695,7408.0,9188.0,12475.0,1766.0,2111.0,CAT A,580,94690
696,7468.0,16525.0,15383.0,1086.0,1299.0,CAT B,1050,44400
697,10985.0,13935.0,16737.0,1410.0,1692.0,CAT A,790,73800
698,5481.0,13129.0,12275.0,1476.0,1760.0,CAT B,600,37390
699,6750.0,10899.0,11479.0,1068.0,1278.0,CAT A,440,64120
700,5874.0,10389.0,8292.0,1485.0,1785.0,CAT A,1340,66160
701,5627.0,13099.0,10068.0,1461.0,1739.0,CAT C,1250,22310
702,3844.0,9029.0,8292.0,1685.0,2010.0,CAT C,990,62380
703,9209.0,10610.0,13222.0,1624.0,1958.0,CAT A,290,63850
704,7290.0,8691.0,10953.0,1658.0,2000.0,CAT C,350,36210
705,8729.0,9922.0,11314.0,1427.0,1677.0,CAT B,210,54590
706,8861.0,10181.0,15112.0,1755.0,2072.0,CAT B,810,69610
707,6497.0,12467.0,12711.0,1211.0,1472.0,CAT B,790,65390
708,4697.0,6004.0,10759.0,1591.0,1896.0,CAT A,780,78130
709,8503.0,6922.0,10746.0,1797.0,2126.0,CAT B,730,55710
710,12135.0,10244.0,15410.0,1519.0,1823.0,CAT A,1040,69210
711,8510.0,10041.0,13369.0,1637.0,1958.0,CAT A,760,59940
712,9597.0,10662.0,11556.0,1451.0,1750.0,CAT A,570,72550
713,9175.0,11210.0,14991.0,1203.0,1446.0,CAT B,620,44260
714,5640.0,8331.0,12309.0,1884.0,2262.0,CAT A,310,56910
715,11607.0,14783.0,16502.0,1540.0,1820.0,CAT B,310,82390
716,7384.0,9611.0,9463.0,1121.0,1332.0,CAT A,790,54590
717,10847.0,12430.0,15104.0,1307.0,1562.0,CAT A,490,69990
718,4984.0,9442.0,11597.0,1475.0,1775.0,CAT B,230,72740
719,5171.0,10686.0,12522.0,1160.0,1401.0,CAT B,900,35360
720,11232.0,10818.0,16408.0,1078.0,1276.0,CAT A,640,94370
721,4229.0,7736.0,11164.0,1191.0,1436.0,CAT B,840,43520
722,10940.0,8714.0,12405.0,1317.0,1569.0,CAT C,780,36000
723,8499.0,7295.0,13189.0,1548.0,1858.0,CAT A,480,99480
724,9644.0,10754.0,13529.0,1560.0,1883.0,CAT A,1040,83220
725,6419.0,13341.0,9727.0,1297.0,1529.0,CAT B,870,52940
726,10989.0,13153.0,13797.0,1645.0,1958.0,CAT B,530,93360
727,13247.0,11126.0,16434.0,1225.0,1455.0,CAT B,750,73590
728,11487.0,12079.0,14156.0,1421.0,1704.0,CAT B,840,53840
729,7015.0,10387.0,11876.0,1655.0,1956.0,CAT B,800,47350
730,8862.0,9304.0,14033.0,1615.0,1928.0,CAT A,660,65080
731,7798.0,10244.0,11170.0,1872.0,2262.0,CAT C,560,62050
732,10300.0,11870.0,15364.0,1317.0,1581.0,CAT C,910,30020
733,4101.0,13623.0,11261.0,1434.0,1729.0,CAT B,480,49510
734,10947.0,14084.0,16646.0,1791.0,2167.0,CAT A,700,64320
735,8701.0,8969.0,12290.0,932.0,1120.0,CAT B,660,35590
736,5922.0,10858.0,11683.0,1609.0,1924.0,CAT C,1170,63050
737,6868.0,11800.0,12496.0,1495.0,1793.0,CAT B,1020,65300
738,11041.0,11886.0,15799.0,1769.0,2153.0,CAT A,580,69560
739,5913.0,7138.0,9401.0,1693.0,2032.0,CAT C,610,41910
740,10073.0,10474.0,13497.0,1247.0,1497.0,CAT B,590,28330
741,7091.0,9344.0,11297.0,1502.0,1815.0,CAT C,190,55980
742,11849.0,9005.0,14370.0,1360.0,1612.0,CAT B,490,61080
743,12973.0,15178.0,18836.0,1542.0,1844.0,CAT B,680,51380
744,7574.0,11711.0,15247.0,1631.0,1947.0,CAT A,670,84410
745,9085.0,12731.0,14181.0,1246.0,1482.0,CAT B,1070,60680
746,4301.0,11537.0,10992.0,1990.0,2384.0,CAT B,1110,64690
747,4203.0,7115.0,8579.0,967.0,1154.0,CAT B,560,45780
748,6753.0,14224.0,12767.0,1582.0,1894.0,CAT C,1100,41800
749,7254.0,11059.0,14195.0,1430.0,1743.0,CAT B,970,53230
751,9173.0,11072.0,14919.0,1827.0,2160.0,CAT B,930,36160
752,6915.0,11441.0,13186.0,1118.0,1338.0,CAT B,1040,40450
753,9971.0,10233.0,16692.0,1766.0,2109.0,CAT B,1120,57910
754,9399.0,9367.0,15170.0,1799.0,2173.0,CAT C,910,36280
755,10130.0,12675.0,16231.0,1167.0,1411.0,CAT C,440,39190
756,8627.0,12260.0,14990.0,1493.0,1795.0,CAT B,530,62380
757,10496.0,13162.0,14686.0,1445.0,1734.0,CAT B,900,21470
758,9258.0,9702.0,15077.0,1033.0,1237.0,CAT C,740,34610
759,6728.0,9506.0,13849.0,1440.0,1711.0,CAT A,1020,88120
760,5262.0,9483.0,11328.0,1487.0,1773.0,CAT B,970,59190
761,7730.0,7539.0,12454.0,1854.0,2205.0,CAT C,890,36290
762,1241.0,6690.0,6422.0,1748.0,2086.0,CAT B,550,53760
763,6093.0,7010.0,9201.0,1937.0,2310.0,CAT A,520,66300
764,8274.0,11673.0,13345.0,1641.0,1999.0,CAT B,950,93000
765,10247.0,11917.0,14754.0,1659.0,1999.0,CAT A,650,65660
766,4244.0,9371.0,7845.0,1743.0,2061.0,CAT B,860,81930
767,5097.0,4574.0,9365.0,1449.0,1733.0,CAT C,320,60060
768,4917.0,7983.0,8409.0,1098.0,1309.0,CAT A,860,59530
769,6365.0,12640.0,13601.0,1121.0,1351.0,CAT C,900,46380
770,5951.0,9976.0,9312.0,1526.0,1858.0,CAT A,550,76200
771,8074.0,11854.0,13745.0,1358.0,1645.0,CAT C,770,56860
772,8985.0,14620.0,15158.0,1336.0,1616.0,CAT B,710,86620
773,5217.0,9329.0,10885.0,1502.0,1802.0,CAT B,840,49730
774,8541.0,12045.0,14243.0,1534.0,1858.0,CAT A,860,88370
775,7067.0,10289.0,15577.0,1418.0,1699.0,CAT B,870,49160
776,5947.0,12991.0,10227.0,854.0,1018.0,CAT A,660,77740
777,7374.0,11516.0,14480.0,1450.0,1728.0,CAT C,930,38560
778,9404.0,11783.0,13882.0,1474.0,1776.0,CAT A,1020,51990
779,11446.0,12213.0,16569.0,1524.0,1819.0,CAT C,1190,39970
780,7805.0,9491.0,13544.0,1361.0,1638.0,CAT B,1140,46040
781,7684.0,7671.0,13192.0,1398.0,1683.0,CAT B,490,49500
782,7646.0,11556.0,12778.0,1085.0,1308.0,CAT B,1170,76670
783,8618.0,10717.0,12286.0,1660.0,1979.0,CAT C,480,75800
784,8104.0,10396.0,15870.0,1648.0,2017.0,CAT A,930,81720
785,11243.0,10747.0,15220.0,1453.0,1749.0,CAT B,890,58440
786,11436.0,11270.0,15073.0,1323.0,1591.0,CAT A,680,85720
787,12794.0,11457.0,16229.0,1385.0,1643.0,CAT C,740,70940
788,12095.0,9405.0,14191.0,1250.0,1506.0,CAT B,990,62420
789,9585.0,14223.0,15252.0,1389.0,1683.0,CAT B,680,56880
790,12262.0,12066.0,13268.0,1486.0,1758.0,CAT A,820,101820
791,7376.0,12607.0,11282.0,1655.0,1993.0,CAT A,440,86890
792,14470.0,14517.0,18178.0,1645.0,1963.0,CAT C,900,47300
793,10178.0,7223.0,14855.0,1464.0,1771.0,CAT C,1080,31270
794,10532.0,12849.0,17962.0,1197.0,1428.0,CAT B,830,65410
796,7089.0,11023.0,13672.0,1878.0,2264.0,CAT A,310,54200
797,6944.0,12427.0,12710.0,1150.0,1378.0,CAT A,730,67390
798,4937.0,9926.0,12712.0,1562.0,1881.0,CAT B,740,54530
799,9240.0,9365.0,13101.0,1596.0,1939.0,CAT A,960,79760
800,8055.0,7191.0,12428.0,1119.0,1345.0,CAT A,790,78060
801,8872.0,12192.0,14561.0,1116.0,1347.0,CAT A,700,74080
802,8284.0,13014.0,14525.0,1934.0,2349.0,CAT C,750,52990
803,6710.0,11558.0,12516.0,1299.0,1540.0,CAT A,590,70580
804,11033.0,9554.0,16471.0,1417.0,1689.0,CAT C,570,34310
805,8603.0,11358.0,12631.0,1235.0,1503.0,CAT A,660,74160
806,8975.0,12811.0,15983.0,1497.0,1815.0,CAT B,700,59190
807,5076.0,12426.0,13916.0,1430.0,1704.0,CAT C,1070,43370
808,8016.0,11723.0,14084.0,1537.0,1877.0,CAT C,660,17670
809,10888.0,12334.0,13248.0,1444.0,1742.0,CAT B,840,56710
810,11162.0,17227.0,15805.0,1477.0,1798.0,CAT C,850,59820
811,8221.0,10396.0,12215.0,1041.0,1246.0,CAT C,600,36190
813,3228.0,9427.0,8678.0,1226.0,1472.0,CAT A,710,60440
814,6477.0,12491.0,12168.0,1489.0,1783.0,CAT A,450,75300
815,5736.0,8874.0,9142.0,1549.0,1871.0,CAT B,740,74080
816,7404.0,8906.0,8603.0,1073.0,1280.0,CAT C,1240,60440
817,3003.0,7425.0,8635.0,1473.0,1785.0,CAT A,570,80720
818,8912.0,8622.0,12611.0,2013.0,2396.0,CAT C,580,47060
819,4035.0,5870.0,10523.0,1975.0,2368.0,CAT A,450,86830
820,8995.0,10230.0,13308.0,1561.0,1877.0,CAT A,790,56790
821,5424.0,6768.0,10459.0,1427.0,1723.0,CAT A,1040,67090
822,7223.0,14785.0,15856.0,1441.0,1747.0,CAT C,670,44370
823,8130.0,11848.0,13787.0,1275.0,1548.0,CAT A,370,82970
824,9054.0,10247.0,13668.0,1574.0,1876.0,CAT A,620,56230
825,8606.0,14626.0,14267.0,1511.0,1791.0,CAT B,1010,53760
826,10896.0,12078.0,13838.0,1428.0,1713.0,CAT C,550,55390
827,8085.0,14677.0,14071.0,1388.0,1672.0,CAT A,800,73500
828,8574.0,13442.0,14039.0,1057.0,1280.0,CAT C,610,41050
829,7921.0,9155.0,13610.0,1440.0,1747.0,CAT B,1090,67320
830,7929.0,13867.0,14846.0,1349.0,1610.0,CAT B,700,65890
831,12772.0,16247.0,17250.0,1536.0,1808.0,CAT C,830,56380
832,11719.0,11627.0,16141.0,2019.0,2420.0,CAT B,850,85670
833,7256.0,6832.0,11747.0,1236.0,1508.0,CAT B,1260,70830
834,8441.0,10093.0,13715.0,1436.0,1715.0,CAT B,1030,48180
835,8607.0,8125.0,10064.0,1862.0,2248.0,CAT B,1160,51910
836,8598.0,5134.0,9461.0,1200.0,1442.0,CAT C,880,44320
837,8952.0,10380.0,13594.0,1360.0,1650.0,CAT A,420,58940
838,10180.0,11465.0,14967.0,1722.0,2078.0,CAT A,770,73610
839,7613.0,12937.0,12438.0,1577.0,1902.0,CAT C,910,54060
840,8681.0,13158.0,15062.0,1850.0,2214.0,CAT A,1110,85000
841,3286.0,10258.0,10623.0,1447.0,1730.0,CAT C,510,49030
842,6233.0,11562.0,9659.0,1496.0,1800.0,CAT A,780,63300
843,11977.0,9765.0,13321.0,1679.0,2008.0,CAT A,790,84300
844,8826.0,7816.0,15012.0,994.0,1194.0,CAT A,1090,81390
845,10410.0,13110.0,16559.0,1354.0,1635.0,CAT A,1270,95900
847,9418.0,9913.0,14103.0,1597.0,1918.0,CAT A,1260,71830
848,8740.0,10899.0,13447.0,1873.0,2252.0,CAT C,330,79310
849,9847.0,12288.0,15977.0,1218.0,1459.0,CAT A,540,87890
850,8339.0,9392.0,10785.0,1458.0,1746.0,CAT C,720,48610
851,9721.0,10530.0,14692.0,1546.0,1860.0,CAT A,670,73160
852,6988.0,11932.0,12292.0,1608.0,1962.0,CAT B,770,36280
853,4494.0,9538.0,10227.0,1822.0,2160.0,CAT B,860,49720
854,8216.0,11665.0,12694.0,1716.0,2038.0,CAT B,410,44400
855,146.0,1666.0,3227.0,1072.0,1296.0,CAT C,900,47590
856,10550.0,15272.0,16738.0,1330.0,1604.0,CAT C,480,51460
857,4894.0,7778.0,11048.0,1588.0,1892.0,CAT C,540,57750
858,9154.0,10416.0,16288.0,1425.0,1733.0,CAT B,760,66000
859,7756.0,9038.0,10210.0,1778.0,2133.0,CAT B,280,45950
860,10662.0,12056.0,16089.0,1363.0,1630.0,CAT C,1120,53900
861,4385.0,7297.0,9569.0,1609.0,1928.0,CAT C,160,37920
862,3284.0,7836.0,9240.0,1671.0,2024.0,CAT B,620,63100
863,10593.0,10246.0,15143.0,1379.0,1636.0,CAT C,440,36770
864,12181.0,15244.0,16983.0,1218.0,1452.0,CAT C,870,43910
865,5663.0,11526.0,9346.0,1724.0,2101.0,CAT B,900,66390
866,3800.0,8105.0,9028.0,986.0,1179.0,CAT B,710,59160
867,6486.0,4644.0,9312.0,1330.0,1606.0,CAT C,590,38510
868,7216.0,12943.0,12133.0,1437.0,1725.0,CAT B,910,46220
869,7873.0,11161.0,13081.0,1327.0,1609.0,CAT C,1320,41500
871,4966.0,8278.0,11349.0,1651.0,2009.0,CAT B,1000,58160
872,8062.0,9702.0,13106.0,1211.0,1462.0,CAT B,670,38530
873,5000.0,12943.0,14131.0,1916.0,2277.0,CAT B,610,55880
874,9858.0,11997.0,16321.0,1638.0,1937.0,CAT A,1050,70940
875,9855.0,11962.0,15007.0,1172.0,1413.0,CAT B,480,53940
876,9997.0,12349.0,13043.0,1350.0,1606.0,CAT A,770,43030
877,11090.0,10120.0,14193.0,1528.0,1843.0,CAT C,340,59820
878,5925.0,9388.0,9735.0,1305.0,1557.0,CAT B,580,55500
879,10071.0,12531.0,16707.0,1463.0,1751.0,CAT B,900,49990
880,9755.0,13857.0,15011.0,1409.0,1727.0,CAT B,700,42980
881,7234.0,11952.0,14681.0,1419.0,1743.0,CAT A,860,65970
882,6916.0,7956.0,11608.0,1535.0,1819.0,CAT A,540,59290
883,8487.0,13020.0,15515.0,1474.0,1745.0,CAT A,970,63020
884,13354.0,13720.0,14403.0,919.0,1099.0,CAT B,1560,73810
885,7315.0,14823.0,12817.0,2067.0,2492.0,CAT C,790,70230
886,11751.0,12708.0,15442.0,1977.0,2362.0,CAT B,1020,59950
887,6189.0,12084.0,11926.0,1293.0,1558.0,CAT A,790,78100
888,8572.0,9942.0,14479.0,1477.0,1790.0,CAT C,880,16370
889,11103.0,12451.0,17711.0,1582.0,1906.0,CAT A,550,92640
890,11581.0,11561.0,15935.0,1481.0,1789.0,CAT B,550,63540
891,10396.0,14997.0,15491.0,1214.0,1455.0,CAT A,950,87220
892,7647.0,7118.0,8842.0,1206.0,1460.0,CAT B,810,41990
893,9866.0,10124.0,14776.0,1653.0,1982.0,CAT A,390,79410
894,10191.0,9752.0,14157.0,1152.0,1393.0,CAT B,860,54380
895,8320.0,11644.0,12967.0,1458.0,1757.0,CAT A,850,58600
896,6096.0,8908.0,12009.0,1249.0,1510.0,CAT B,660,48950
897,6630.0,10006.0,10402.0,1939.0,2333.0,CAT B,830,40670
898,6208.0,10158.0,11935.0,1591.0,1919.0,CAT B,640,52340
899,5243.0,7079.0,8592.0,1180.0,1397.0,CAT C,750,39140
900,10208.0,12161.0,16663.0,1846.0,2195.0,CAT C,1170,41090
901,8475.0,8742.0,12781.0,780.0,951.0,CAT C,790,25600
902,11805.0,13503.0,16890.0,1565.0,1854.0,CAT A,900,100900
903,11304.0,17958.0,19046.0,1648.0,1959.0,CAT A,370,77080
904,7767.0,13460.0,9901.0,1775.0,2104.0,CAT A,980,105150
905,12834.0,11668.0,17029.0,1439.0,1732.0,CAT A,1170,80580
906,6171.0,5639.0,10068.0,1487.0,1776.0,CAT C,800,46230
907,10172.0,12781.0,14850.0,1800.0,2158.0,CAT A,1100,98260
908,7821.0,14264.0,15354.0,1690.0,2024.0,CAT A,1070,75930
909,11264.0,12005.0,13876.0,1209.0,1452.0,CAT C,830,52050
910,7124.0,11688.0,12853.0,1859.0,2222.0,CAT A,1210,87000
911,4775.0,6455.0,7672.0,1691.0,2023.0,CAT B,540,60270
912,8650.0,11399.0,11434.0,1259.0,1493.0,CAT A,100,88270
913,7550.0,12641.0,14060.0,1771.0,2138.0,CAT B,820,57820
914,8979.0,10075.0,13734.0,1205.0,1468.0,CAT B,1210,61210
915,9652.0,9102.0,12608.0,1792.0,2131.0,CAT A,810,76420
917,8929.0,12396.0,12930.0,1263.0,1516.0,CAT A,780,70980
918,9866.0,11461.0,15834.0,1344.0,1605.0,CAT A,1160,76740
919,10022.0,12911.0,16307.0,1819.0,2187.0,CAT B,590,47920
920,6741.0,11479.0,11152.0,1357.0,1625.0,CAT A,1140,52160
921,10840.0,11137.0,15466.0,1396.0,1673.0,CAT C,690,32740
922,9205.0,10418.0,14496.0,1118.0,1337.0,CAT A,560,72270
923,9538.0,11551.0,12839.0,1655.0,1986.0,CAT B,1150,77430
924,11786.0,13969.0,15519.0,1156.0,1398.0,CAT A,140,92370
925,9615.0,7904.0,12521.0,1451.0,1734.0,CAT C,670,34880
926,7176.0,5779.0,12382.0,1539.0,1829.0,CAT B,650,46580
927,10915.0,17486.0,15964.0,1549.0,1851.0,CAT C,1220,70620
928,12176.0,8518.0,15673.0,1582.0,1910.0,CAT C,1080,66390
929,7214.0,8717.0,10553.0,1387.0,1663.0,CAT A,850,82080
930,7423.0,11708.0,13220.0,1200.0,1436.0,CAT A,1060,76440
931,15082.0,14700.0,19617.0,1299.0,1560.0,CAT B,770,96610
932,9297.0,12537.0,14418.0,1174.0,1429.0,CAT C,1110,54340
