default,student,balance,income
No,No,412.07161462922204,48347.2969819857
No,Yes,579.721304609121,18555.7525862376
No,No,694.3985830613491,36570.4254410152
No,No,0.0,41933.095770191605
No,Yes,407.340440417818,25376.728632423703
No,No,1806.7148770839103,39082.7860963992
Yes,No,1672.50606273916,66466.460890915
No,Yes,806.996111210473,15964.996975619199
No,No,0.0,28356.251940900802
No,No,1524.4367032813097,18878.5544825791
No,No,1072.3793647356802,19958.54399237
No,Yes,1156.62020011113,11102.5681462402
No,Yes,0.0,14874.800211483402
No,No,1096.58703732555,47235.4531253372
No,No,733.5453865336999,30638.216187852202
No,No,1140.07189936954,33605.3779326314
No,Yes,833.120773570663,23630.273665637797
No,No,1585.52508909154,49011.4156672029
No,No,1579.9093626724402,45406.5115513117
No,No,951.3130441948109,25540.815962789704
No,No,728.818859467603,33662.070967049505
No,Yes,885.209895707751,18693.7271194525
No,No,184.53047385798803,35058.3406548568
No,No,725.1205003721069,47549.2007503581
No,Yes,153.261039737442,14027.7907404296
No,No,975.7371819915669,39453.2263082774
No,No,907.1697758956059,27631.567795772098
Yes,Yes,1874.82261243745,14957.8163342872
No,No,1616.10873432918,33046.1879353576
No,No,654.416009758667,47244.7041815369
No,Yes,596.205213621811,22324.4684122297
No,No,64.1547933628275,47969.0051087279
No,No,68.3059319848821,52323.9021376562
No,No,1118.85173810187,30558.383856865898
Yes,No,1554.8163187232801,26430.489404918597
No,Yes,997.7624822541859,13799.5447379368
No,No,1338.4611161707198,23909.546946681403
No,No,135.62901551719298,39925.7001694146
No,No,1105.89023752596,35450.7272653153
No,No,763.77376432623,60938.6640992445
No,No,93.57019869623541,42930.7791819229
No,No,630.028950845409,43547.542174394905
No,Yes,1585.3330294584198,15079.4889372439
No,No,146.365856827095,44666.932301086905
No,No,562.314178399933,63794.542069195195
No,No,592.2538956228799,30731.201603129
No,Yes,1559.62786903645,22047.7816148887
No,No,549.191342739887,43688.6804186368
No,No,1008.3574622205999,39610.625374600604
No,No,921.304294606852,25350.4002048286
No,Yes,1304.63434628265,13496.879871494099
No,No,1049.94676843874,43172.3271897794
No,No,694.390945705502,46128.8647070701
No,No,1200.04162184687,56081.08023205151
No,No,0.0,47437.512236866394
No,No,765.818663634114,33216.3531980412
No,Yes,1510.74781182427,13390.9200005461
No,No,1507.24919460052,24057.5179445895
No,No,865.400213478165,53798.819214810595
No,No,1166.59398929301,26977.622748672202
No,Yes,453.929798646848,12665.306995423502
No,No,0.0,49792.7572585251
No,No,320.005916922744,57563.489234303204
No,No,889.901199990565,20805.6140385332
No,No,618.527509222818,54956.9905446621
No,Yes,963.187906369737,12799.509378999699
No,No,389.39588113410895,20200.3799415541
No,No,737.723042521754,48994.812850724695
No,Yes,1066.82218828697,26348.303641094903
No,No,1672.6392483047698,46334.7877633441
No,Yes,1171.51991582291,17642.2677538646
No,No,991.520923604118,30775.5207643452
No,No,525.89033827246,45530.5091218435
No,Yes,1333.80612782554,21087.3235241636
No,No,815.244183095315,26231.465406866802
No,No,1638.68704646198,38441.1580318724
No,No,1326.06486447881,34945.8009455043
No,No,982.226465463733,38152.6966116717
No,Yes,1055.86105389087,9045.24162581889
No,No,0.0,45659.99570261849
No,No,890.407653226291,52943.3834046946
No,Yes,533.007580306485,20556.4171504616
No,No,602.616877680922,56017.12753740019
No,Yes,1238.0166157952901,26854.366275342403
Yes,No,1858.9045150328,35525.2139266658
No,No,0.0,37517.2464147507
No,Yes,933.287231176741,20694.587784427098
No,No,228.952549642572,50500.1821977441
No,No,0.0,41864.2591327518
No,No,390.53029487665805,57525.2664771593
No,No,734.253410791397,56253.8102626269
No,No,1433.71078041798,42798.5655127619
No,Yes,374.97676739474196,19806.519090365102
No,Yes,1273.48851311202,17105.8670470047
Yes,Yes,1102.43498209896,17391.779646823
No,Yes,874.5830207190879,17378.287273610502
Yes,No,1488.46992484111,36457.2232810267
No,No,138.252251807784,54406.5022458143
No,No,67.3884622916294,48792.117438825706
No,No,584.816776146095,47449.624238195705
No,No,1195.3598222007402,42107.3640000123
No,Yes,480.339703591062,14592.8404029742
No,No,803.5700674105459,45353.970680412
No,No,51.530401416265704,36851.9128724154
No,Yes,903.176837327325,15810.574194078301
No,Yes,805.1042516826531,22174.028892472597
No,No,826.558020541498,44371.747340566
No,Yes,1051.29716078292,16299.6117503271
No,No,1315.46960886839,29808.3522278599
No,No,1581.52150477331,45729.8880504535
No,No,1236.21871976753,37884.5660973391
No,Yes,294.65648754174,11681.4623321504
No,No,1.98073444076283,42380.874850479304
No,No,0.0,49772.974746616295
No,No,806.781241079411,55735.5491959437
No,No,673.468191056081,32930.0693612804
No,No,778.693492520055,48551.9710763615
No,Yes,999.281111981561,20013.3506439163
No,No,887.4681370600031,30563.7702579257
No,Yes,58.066062076726894,23639.233623288997
No,No,1068.14635014194,27859.8644498139
No,Yes,1311.0984831085,21189.2384030857
No,Yes,1322.1459959103302,21272.5759430238
No,Yes,1220.93883078966,6744.04242461348
No,No,509.15601107729003,47444.1514545912
No,No,1670.8502848611802,54442.2661966056
No,No,903.564452484125,35296.4479016564
No,No,623.574809063757,57483.5042108883
No,Yes,1793.3031877157603,21034.879651448002
No,No,656.980282929656,32225.2952878255
No,Yes,1176.93452516159,19829.2264598045
No,Yes,555.920680160548,23909.7064937556
No,Yes,1928.59211959305,17570.1950770634
No,No,1086.19348901131,52761.413038831204
No,Yes,940.4793542825698,20578.8072250756
No,Yes,1556.90441828681,19272.2364832438
No,Yes,30.5836717154543,16246.573054336499
No,No,280.959049718201,29998.8573033458
No,No,770.999401867146,40990.621498028304
No,Yes,767.439505481761,18846.489221233798
No,No,742.38409994638,34265.3623052066
No,No,170.260236584301,62708.162017501105
No,No,0.0,34701.1959628584
No,No,981.9439338320869,38483.5318863506
No,No,669.36147892363,46007.0052657782
No,No,867.304173246052,29541.0431470904
No,Yes,1759.41232517457,11556.184528046899
No,Yes,1168.89554505706,14970.870086781
No,No,0.0,56895.9619836109
No,No,738.327804251468,37273.1711484488
No,No,363.94146251625097,46155.539220007595
No,No,916.749237784122,58469.933561268495
No,No,355.01633118417703,36327.8770094896
No,No,876.474860305473,39499.2768099668
No,Yes,1492.06585380683,11615.983465231202
No,Yes,836.0206886270739,9271.78992423107
No,No,1257.34063003991,40810.172766323
No,No,963.092668712372,33110.304108965094
No,No,656.023725381919,36349.436988707
No,No,1503.84995075327,43888.3966632069
No,Yes,514.334987256277,27443.9752498741
No,No,778.474666113432,39360.1640871243
No,Yes,806.481972726929,22127.0817878431
No,No,1231.214516945,48156.3575590725
No,No,389.055327796639,22581.623652805298
No,Yes,725.7933680530499,23202.9639603002
No,No,537.1404260471589,52513.667220607196
No,No,1053.40549467371,52921.8537919159
No,No,519.308691599167,42861.9326596232
No,No,330.324289217389,55734.045740273395
No,No,626.838428236661,41334.1835259785
No,No,1213.65867211341,45662.64660526071
No,Yes,1473.69593100509,19759.501868247902
No,Yes,1089.83145380546,15056.0778671339
No,No,829.0233190929331,25161.8985145042
No,Yes,508.050299741586,14925.961154581599
No,No,598.438635556875,52896.0596979918
Yes,No,1899.5468415189603,46076.237109954505
No,Yes,220.659533399654,20148.5797584961
No,Yes,933.3504050929871,15557.6325634422
No,Yes,1270.9964035053802,15069.0487071799
No,No,0.0,39164.0223455767
No,No,380.31745005709297,38864.5841504209
No,Yes,655.7009446844461,19915.232852112298
No,Yes,948.747918388616,14297.619048551298
No,No,337.874909315449,30090.530510213302
No,No,1373.72537886877,43124.2131477427
No,Yes,1329.1988422159402,23184.0155485336
No,Yes,985.092698575156,18499.961542760902
No,No,525.515682022251,50763.9840052729
No,Yes,1614.14163797244,11334.2924739847
No,No,415.765428516259,24740.7535995478
No,No,813.740992900912,30975.2140864352
No,No,1267.0014444476801,32752.1937409219
No,Yes,320.725569726674,12589.7675596142
No,No,417.592210757132,48035.6096423654
No,No,1131.0536460322098,38834.2362457054
No,No,360.57494875414903,42217.3829194421
No,No,910.6724158349199,43795.5817003373
No,No,659.0404107816901,47942.249821944904
No,No,636.728473821258,45649.170811133095
No,No,0.0,46461.3201193472
No,No,1004.5329035078099,59403.930009567805
No,No,1202.88312357915,12288.127075016
No,Yes,970.426089456089,20569.640036535
No,No,1301.15829550987,28673.6459846632
No,Yes,904.0402590668131,16882.3006056535
No,No,449.412686268649,52892.250152274006
No,No,756.216699632025,36513.921210848996
No,Yes,905.565799186285,24032.8005473796
No,No,1209.75664132667,40605.8134050359
No,No,1024.1438217755199,45585.9687697656
No,No,1559.75214620523,37227.2688180877
No,Yes,1890.16741147529,18402.4648845956
No,No,311.918278951811,39694.4837314036
Yes,Yes,1899.3906258472,20655.2000032624
No,Yes,584.518096158552,19624.5886598667
No,No,847.0541480477701,28539.1079012539
No,No,642.5352175611799,34893.785940483
No,Yes,856.624728089322,19056.8678387124
No,No,950.341274781584,64396.165344714806
Yes,No,1893.2897921347896,31821.7255806098
No,No,0.0,35377.140726393
No,Yes,657.532135554775,19395.7389272898
No,No,0.0,34838.4392651422
No,No,571.1799476221939,39682.802869111496
No,No,1541.8128061161099,29374.928881828702
No,No,322.288698122369,19420.3997838148
No,No,1156.04020757226,38295.5712385133
No,No,0.0,44754.248880888605
No,No,1121.15125107007,35765.706494928796
No,Yes,878.542064501041,17496.7414821956
Yes,No,1823.4041051846302,14664.1381225121
No,No,100.866844377552,31389.458565707202
No,No,1786.4639516845898,54207.1677946309
No,No,673.016117196098,29735.9615970911
No,No,276.74531340454604,50523.677887821395
No,No,586.968885382876,50317.652890107696
No,No,324.85154338512797,52838.849329478704
No,No,636.2386682161721,39172.3633653161
No,No,924.959329762828,26332.2096245083
No,No,552.634366024658,50513.1642384347
No,No,839.6035975828239,45994.6447324797
No,No,399.87716070731796,47291.0158892892
No,Yes,716.4919950313879,16785.38532485
No,Yes,1055.01732721534,24188.0497493234
No,No,1420.99345352703,34126.421687852
No,Yes,1199.3855860032002,18884.127470890602
No,Yes,1468.7952197238199,25038.8165029696
No,No,1210.01463106309,45066.133244343095
No,No,1216.19515610407,47561.712762495
No,Yes,731.9706112702721,13593.140510988
No,No,745.813204823963,42762.474991934905
No,Yes,139.19286882554,24734.0829253905
No,Yes,1052.2274777406199,17410.751592587
No,No,1656.03804743546,29816.0501663427
No,No,1160.0612652402401,51895.304037788206
No,No,1151.20364449996,36468.7244958993
No,Yes,1055.06379764618,16174.206378724299
No,No,938.2801803198129,33341.963191113195
No,No,662.703254958649,48652.1699429375
No,No,1251.23590590048,43191.312088638595
No,No,934.490492585725,31043.4083271013
No,No,699.84202422219,41985.2576732019
No,No,389.992175159101,29032.1126978627
No,No,1101.29631071735,27781.452389347996
No,No,739.9018425188319,47349.5319726392
No,No,1237.84339138252,31880.1755862105
No,No,1336.80301473215,30787.155716582598
No,No,0.0,38626.4229206895
No,No,102.122522558306,33300.187521694505
No,No,667.656103587994,52946.365004215804
No,No,819.111800228691,55716.5487287266
No,Yes,1079.37288016418,14223.2668124756
No,Yes,1564.47141053711,19372.821596214
No,Yes,1874.4945009290198,19592.0698667164
No,No,1193.76279235836,34909.3088814725
No,No,613.1111420584771,38632.130636444
No,No,1266.64098896732,41930.586270236
No,No,1155.3995479216198,34539.564378357405
No,No,582.188700706555,24760.795733056402
No,No,116.353735409607,30765.3518002466
No,No,891.751685184564,53044.835606018205
No,No,1115.15431349235,38623.5482005718
No,Yes,284.841577198801,20477.837227371998
No,No,1569.72827330174,30604.2864482531
No,Yes,553.455736792548,21358.4206646296
No,No,1152.55066350681,27346.0306093646
No,No,224.691145051763,55040.6127338996
No,Yes,1005.1762228766802,18262.17614318
No,Yes,926.5694310247239,19243.406446276
No,No,1035.48588062782,41714.3737690575
No,Yes,1282.35040946049,7230.030470892241
No,Yes,1023.2054785286801,17694.9655968053
No,No,946.3981669072141,30770.066730180097
No,Yes,460.202332018861,14782.458771990401
No,Yes,1124.56737590151,28936.9062201587
No,Yes,712.253706637239,21407.0436171613
No,No,948.777978664131,24094.7864892109
No,No,1484.77769480138,32479.089964569903
No,No,1798.7789171050101,57191.6322372635
No,No,1316.42181029894,45806.9015129082
No,No,58.4438977974733,44838.694989338095
No,Yes,1340.5291998070697,19318.8404293024
No,No,337.495903885671,55853.265132957
No,Yes,726.764145685598,16079.6367519751
No,No,845.736704633298,34676.2642308225
No,No,240.07743452145698,41508.9556964546
No,Yes,728.259291664541,13438.9855560242
No,No,357.99630546053595,30217.0212871579
No,No,116.21887562006799,50109.0234146974
No,Yes,1294.5004076361802,25687.3260499738
No,No,964.602563113006,36676.5716524275
No,No,376.24116142490095,25821.1610609312
No,No,818.496293230639,34903.6775480158
No,No,1398.65246735208,34194.082402249
No,No,699.68038610832,50267.8498703097
No,No,767.434812504422,55990.8746075411
No,Yes,1608.15255984335,22358.0467020111
No,No,485.44043108254004,38656.4546259537
No,No,163.353170816826,45183.1451245658
No,No,218.589806829151,34512.6334707916
No,Yes,1511.43409836329,11793.1617767047
No,Yes,927.772723605775,18148.0692848799
No,Yes,980.164350015296,13713.5022348193
No,Yes,915.4626481639,27283.319829376298
No,Yes,1107.00241299216,30618.6203455371
No,No,503.49928517472097,36521.4325133663
No,No,1207.69472622489,37355.9443441242
No,No,647.13028302857,32725.3866528516
No,No,0.0,33272.152146780696
No,No,1490.98304584582,39596.057408730296
Yes,No,1763.5790878946102,46227.074542135706
No,Yes,608.840648304347,24523.8540972795
No,Yes,649.9310600175589,13475.0195145782
No,No,0.0,54298.8596097499
No,No,0.0,44561.32545114231
No,No,987.5662505694729,49542.404232882196
No,No,218.33795991502498,44179.946503553896
No,No,671.669572518594,26142.9116090434
No,No,760.099642771661,45921.343131359696
No,Yes,563.5426611001619,24082.0393441031
No,No,594.364428159126,24273.562482086098
No,No,370.530018801453,31139.7218358579
No,No,474.72731908828797,32064.335105797403
No,No,911.132057880504,31265.2177134849
No,No,1653.5518763532098,23137.561215266498
No,No,102.72144113155501,13719.3568745031
No,No,66.6320807349912,28735.9741149412
No,Yes,1149.20983594409,11337.0592459497
No,Yes,1091.13975599585,19990.835329595902
No,Yes,1762.59824620554,13099.5888853228
No,Yes,910.383604650027,19163.8069881897
No,Yes,1195.8138112106599,19906.7314933236
No,No,625.7461988373269,29644.2083028025
No,Yes,1994.0491880754398,14305.1114657784
No,No,0.0,30822.454186488998
No,No,1254.13105462545,37456.261990946805
No,No,789.326869307377,36183.6566367513
No,No,1463.5931611141,34064.878717232
No,No,848.7027398528289,35192.8388667608
No,No,764.806803042124,33127.1559867552
No,No,671.784325023815,53374.954001125596
No,No,1334.5541912103,43385.821809676
No,No,847.432632019156,37303.5743998862
No,No,425.779790910006,42131.5359555794
No,No,272.987840705252,63566.3659949776
No,Yes,385.69826231499,18352.4362518163
No,No,387.76134166606005,40063.7276405824
No,No,1081.06366330651,34138.3237431471
No,No,25.7358488954937,49089.604075997406
No,No,906.745807676788,38881.0110720928
No,No,430.620319374712,46182.6649756
No,No,1208.22057225773,36402.745232990295
No,No,755.3569917058211,53091.5152898842
No,No,676.430888753692,53378.988524496395
No,No,423.430473770691,46000.7966775868
No,Yes,606.951443394452,26718.871545454702
No,No,1132.07848219228,29715.3049436
No,No,348.658867896976,36519.090186012596
No,No,790.238985859862,43646.143132221296
No,No,680.706468644222,42316.4031121769
No,No,989.2625778223061,48055.412237063094
No,No,1344.7112814931402,26215.3918353377
No,No,629.764071852454,53069.3251510713
No,No,1239.49238918487,40312.2302286101
No,Yes,435.485531143428,19899.7545673387
No,No,1088.25476515341,32617.5934807198
No,No,618.1253381517259,27868.7938862439
No,Yes,717.632894780562,19590.9710043964
Yes,Yes,1894.1682010356,28321.684547443598
No,No,673.092439896694,27894.0939871045
No,No,577.4934766894099,39015.416835770804
No,Yes,964.6248897101229,21436.5555923373
No,No,434.243340354206,57146.4261041008
No,No,553.742886176071,39653.9830884822
No,No,0.0,21809.2185090883
No,No,878.4461098782671,29561.783076068197
No,No,0.0,41359.8916092437
No,Yes,535.686020138973,11019.606930876002
No,No,1911.66851672829,52802.0888231585
No,Yes,1429.6093276134197,14827.8945358154
No,No,0.0,45374.9971794388
No,Yes,691.224742286061,16872.15171466
No,No,1596.87342986645,34655.8800325605
No,No,696.51006679722,28610.1946592679
No,Yes,562.304198182497,20164.3110069354
No,No,344.88224152182,26227.3292753008
No,No,1101.14970709405,18153.8443165945
No,No,879.052649120858,30633.8419389473
No,No,278.703161386556,30113.8533896619
No,Yes,322.311954337769,10056.1105453176
No,No,912.390423465777,26857.1718991427
No,Yes,91.73394650342199,19153.7284337776
No,No,306.18951612477997,30587.006778910698
No,Yes,431.30278922562997,15606.2458412751
No,No,143.102261880534,44846.901009428606
No,No,801.639909419777,37441.7921162931
No,No,270.548125020502,34258.831227279705
No,No,644.863070527484,38794.6761434136
No,No,1454.9815887184302,43821.2213471973
No,Yes,1277.37438672437,19675.177837098898
No,No,184.427531874368,36731.6269503081
No,No,561.964606426332,40555.4075956276
Yes,No,2074.8075885685603,38988.8592451984
No,No,618.051384938394,16944.3444933857
No,Yes,715.164109574279,21153.511008171597
No,Yes,1523.7225707970902,15708.9577283378
No,No,352.644414031465,39404.7443664762
No,No,95.29697412836799,32359.3890284286
No,No,757.962918447896,19660.721767987
No,No,0.44575676854390206,31934.837975105496
Yes,Yes,2034.67471782133,17133.9659619014
No,No,1394.1254433982199,42921.017077944
No,Yes,994.090738839954,17401.8472379021
No,No,1028.18124945831,32249.8456721917
No,Yes,1143.3982045504,15997.171189563302
No,No,28.8137434583155,36941.0634015026
No,No,1551.09273901932,44596.7459450461
No,No,1197.81805113426,37487.6505399685
No,No,71.5776897613994,61588.2545022497
No,No,403.268308454751,38629.9474215703
No,Yes,0.0,21294.1484759847
No,Yes,1285.95639658624,24106.5802664105
No,No,695.669009847766,36977.640187879704
No,No,0.0,25603.5332583784
No,No,614.538566272609,33811.9876207301
No,No,1412.2387213031698,40785.059769421205
No,No,452.80222889825797,48034.2377125974
No,No,625.870177750823,53756.0440632584
No,Yes,1415.19882255962,16737.5187114242
No,Yes,1583.41803094344,23434.7087125009
No,No,286.329963629257,59576.650317900996
No,Yes,902.980719695453,15076.3385432134
No,Yes,598.081831318484,12385.8240760546
No,No,1075.71843059287,38020.7235915033
No,Yes,484.89431667627196,15883.6644313447
No,No,421.40084342513,39873.521744534104
No,Yes,1579.0709772123498,21101.2046126527
No,No,712.863665600652,47454.7444273651
No,No,1794.4115750223498,44037.8475163971
No,No,1017.74972070304,30227.8632254641
No,No,329.465684346918,46028.0154528353
No,No,961.3657089672951,42619.0777329367
No,Yes,923.0188229254021,19136.6149186515
No,No,944.173560017781,56088.6837995041
No,No,351.82039602292997,30513.5179302546
No,No,866.402631163086,18586.7271653018
No,No,641.803940740381,32628.641261961402
No,No,280.955900327091,37690.0334766458
Yes,Yes,1289.24621049482,13624.545258478602
No,Yes,212.042182883039,16179.3077540229
No,Yes,1280.8480661871301,20575.245014680502
No,No,326.670018453137,50562.4903339961
No,No,1603.66522270643,25802.303467605
No,No,264.942490599027,39317.5739109735
No,No,1163.08390408128,45488.7505586529
No,No,653.436222212024,41440.928558742096
No,No,445.829287617145,42343.8006824259
No,No,831.456141881062,58476.73923118821
No,No,1026.19409513964,35685.483734118396
No,Yes,1464.69087058547,16542.0450715198
No,No,0.0,47846.95657338639
No,Yes,1518.0188089466599,16740.4430837437
No,No,1059.80410067008,64315.0262055869
No,No,89.90989542437691,30004.4707967452
No,No,366.594361337791,33708.7860682045
No,No,782.778332002182,39224.4092738836
No,Yes,1847.46964656061,19388.6893093459
No,No,1100.97288154077,50237.2578180061
No,Yes,1393.46442103117,15573.7931129306
No,No,692.052822388672,39586.8490171988
No,No,0.0,46714.558115547996
No,No,136.505521337915,45596.1078294951
No,No,616.538677802606,31925.1832420121
No,No,1046.56286488318,26555.4889385252
No,No,1138.43098430744,36133.6105343391
No,No,1018.4362364989901,53962.277688991104
No,No,577.531956379148,22111.8669113285
No,Yes,377.76760367388704,14021.5888992056
No,No,604.839524336024,27419.4252219695
No,No,773.171566359335,37877.6045199555
No,No,741.193062241411,31104.004447248502
No,Yes,285.649618597346,26874.7545848903
No,No,759.032260453678,45774.3835405276
No,Yes,68.3766078184741,10996.087857381499
No,No,712.936992421474,20810.3189465256
No,Yes,795.139553543434,24606.1542900494
No,Yes,1346.6795065633698,16104.894965753601
No,No,1023.79588473631,42335.7371898711
No,No,589.944419374562,24854.604583021403
No,No,424.285797016623,35675.7411016182
No,No,1477.66920681625,42011.8079623361
No,No,504.02837873803,24780.9612369205
No,No,0.0,40540.694411575896
No,Yes,1174.71648266832,13025.7694481722
No,Yes,1630.1995894552401,14232.66153338
No,Yes,712.5947732068761,18441.0261223747
No,Yes,781.4523056138361,18301.5837988415
No,No,633.7831602791999,37672.1580967363
No,No,1492.61502806146,46174.69799119559
No,No,1465.0270324496398,18600.2135039367
No,Yes,906.0337004677369,22658.7633289403
No,No,1105.87881627602,42110.4244036918
No,Yes,1325.6249255989999,15880.4471490978
No,No,864.343796306282,34598.4343942247
No,No,368.800728626843,34526.0353689162
No,Yes,763.3376238261749,15849.8639600086
No,No,1072.03377011872,47029.260367657
Yes,No,1456.96393044029,49054.19388831231
No,No,986.40061892638,45430.4722089423
No,No,1193.40655438006,55017.462587952
No,No,571.041501274187,40389.4463334741
Yes,No,1332.3861776658198,53517.350489625
No,No,847.9815065677609,43023.5850115808
No,No,1270.39317811661,43032.2715865563
No,No,1411.54871811982,42956.6313940264
No,Yes,737.0822475828619,24637.617488291
No,No,529.650306882188,35102.2751291454
No,Yes,1189.3139585339802,19545.7271170543
No,No,770.132191937447,48489.3786594128
No,No,184.88729830205398,49716.0204052985
No,Yes,826.7274557918629,18776.301242198202
No,No,619.515173902886,53747.5491352023
No,Yes,654.814668194886,14504.396407486201
No,No,1042.50711204107,37170.1090492838
No,No,1546.5485063767098,57266.829589359695
No,No,933.554734219053,33633.1486889292
No,No,0.0,37361.5408049442
No,Yes,1277.89489991076,20649.9299868452
No,No,915.075205885282,23682.9133227548
No,No,564.394853544301,30380.640004334902
No,Yes,980.101705745882,16381.203130022199
No,No,0.0,35648.3811626748
No,No,667.144583247857,44863.0689857382
No,Yes,1344.7093588173,17318.839902875
Yes,No,1456.54605630224,51508.5743439271
No,No,737.348779490127,50264.7601726517
No,No,434.704864003897,48898.3701163411
No,No,0.0,28094.1570910795
No,Yes,275.485893220682,13448.3341939049
No,Yes,645.3668572291299,17878.3643114477
No,Yes,1437.8303629286302,23062.4948694903
No,No,23.2983318114218,37975.5389792909
No,No,917.075277826575,19003.774976423898
No,No,1294.90323367953,52338.2214607824
No,No,919.343346352876,43287.9023052747
No,No,1208.3043757194698,38461.0465350321
No,No,1095.0727352874,26464.631389228998
No,No,410.935624537375,39076.2728228248
No,Yes,1205.9450405362402,12950.81642991
No,Yes,1142.12695524822,9184.732761569829
No,Yes,722.227333114557,18487.0405647803
No,No,464.404331084908,53215.931577275995
No,No,738.144128251302,43693.0663883118
No,No,0.0,30922.6042126623
No,Yes,1155.2221751264399,18442.34092635
No,No,1529.68785747477,40977.413884081
No,Yes,669.380788171137,16805.193716581398
No,No,1360.54717336406,54705.12697787231
No,No,914.637312628131,46492.6488301171
No,Yes,1291.9773458089699,26571.8745602489
No,No,1610.71968064752,30098.823990599503
No,No,1339.19996299738,44257.935299958604
No,Yes,1540.30882373607,15241.015879721499
No,No,1074.08765319171,35873.228638091496
Yes,No,1350.60326099354,21541.2987938108
No,Yes,1323.2890629131698,21149.313687123602
No,No,1410.9599150854401,58310.255932724
No,No,137.724616656813,44747.3276836455
No,No,938.386763627777,18594.127976644
No,Yes,744.9142664664951,15711.716417211
No,No,698.80044395676,37466.020299219905
No,No,691.202279432214,38948.1053558833
No,Yes,289.356947353925,15715.5006522284
No,No,586.775650400868,32622.3761384089
No,No,1035.55294399822,29423.2320285923
No,No,315.95325750804795,38938.975748331
No,No,962.1342815460381,44696.290530788894
No,No,1218.24580162308,56816.808938722694
No,Yes,789.099153486285,18653.6328463855
No,Yes,1406.79982672379,16686.628010228702
No,No,509.852253653762,49345.4256379167
No,No,568.094485122303,36374.4339230205
No,No,881.663799741016,43725.9975260941
No,No,1062.72792746379,48041.6493951147
No,No,955.881414291977,48657.790365912195
No,No,466.579142984644,24719.3955181875
No,No,468.86990847350097,44285.3201124122
No,No,701.69143244907,35335.7826320459
No,Yes,1329.3983510722,15971.5732370007
No,No,1251.7840194082198,32721.1440442512
No,No,1175.23337747506,47684.4611258042
No,No,329.44827264028,43242.8753661793
No,Yes,739.179456441967,15819.7305666793
No,No,791.9474961016499,47886.5232680271
No,Yes,1050.15133269262,16963.8126910891
No,Yes,1179.99452466386,18954.3937931283
No,No,662.342897180105,49885.0191183303
No,No,767.139212107638,49171.978177546
No,Yes,1306.4830309386,13984.785263021202
No,Yes,485.653177783496,16099.9179399102
No,Yes,1925.9874513757602,20441.674444238997
No,No,775.309789469854,38721.2458944943
No,No,1391.0338768089498,53255.0211240433
No,No,931.5769841863631,52703.7912231804
No,Yes,993.049538227269,20538.5457418214
No,No,0.0,30098.4215418435
No,No,585.752613204564,43627.327923682205
No,Yes,1200.62447093622,18973.9076818191
No,No,214.84623495229,39629.2001796429
No,No,1215.6982445086,33598.9707553906
No,Yes,865.205866068633,22081.5816392531
No,Yes,671.8017008761341,15299.2598850673
No,No,191.91301257899897,55659.47329309981
No,No,1123.43472291482,45366.811408952
No,Yes,1423.93891664088,22634.4880875812
No,No,618.139164308692,50146.429248855304
No,No,604.315515354891,36592.7568387284
No,No,634.8650438294641,49681.224533154505
No,No,1143.20045945329,28900.7277879119
No,No,787.5517716676469,46185.55200069019
No,Yes,1247.9070287109,19816.720143272
No,Yes,2052.1334632792,13130.6536036871
No,No,1180.4475417055198,43914.4198194427
No,No,455.52151320630304,40907.3983537652
No,No,815.0728370266349,35017.853363956805
No,No,369.041787994189,38468.2446481102
No,No,0.0,49010.2733191107
No,No,0.0,47214.433595293
Yes,Yes,1926.3715830091,17012.4381440591
No,No,1111.6915173515401,43659.0705877284
No,Yes,1327.2824390294802,15819.3593199174
No,No,876.7655552777279,49291.1665644759
No,No,927.6691816968801,39934.14447599
No,Yes,1345.49162351815,12235.3876699232
No,No,1170.7434640442698,49832.9514015609
No,No,708.5797949835891,21728.8201971829
No,No,0.0,33220.985181144904
No,No,1149.14562717899,45194.7946620784
No,No,765.7724450610491,35122.0273798104
No,Yes,11.3955682154315,19387.920643908998
No,No,1005.4440884864999,40615.342195768
No,No,1208.39512763795,32430.182774582
No,No,474.49539596639704,43522.462378029304
No,No,574.955357679402,33517.2110282314
No,No,773.483075895744,38647.3706700462
No,No,1265.04493206661,47297.7227040899
No,Yes,1589.6496326992199,15262.4216192198
No,Yes,149.15410001691,22802.819678917596
No,No,686.892928589707,51120.8299797229
No,No,79.5389496655106,34417.3757217671
No,No,1654.23495626913,39580.1297092869
No,No,660.244841965786,40885.8469473715
No,Yes,1317.9262579595,14070.1670640815
No,No,1355.49323059172,18935.511509808603
No,No,1056.8244199283001,37994.9695479256
No,Yes,1060.06007196524,18617.2181382756
No,No,1333.24865929666,39196.663006234
No,No,1054.2784985631,50795.2066162593
No,No,347.60151083932703,49332.9942041319
No,No,1270.13090566539,47817.556620848
No,Yes,145.002121469021,19927.092098381298
No,No,395.884601970322,34555.826972920404
No,Yes,1844.3617183072101,14238.1132465561
No,No,1044.5523432847199,54696.7659816226
Yes,No,1757.7384994783301,51991.463494111
No,Yes,1402.5539263349601,16607.5642547431
No,No,132.158429036917,26878.4721288802
No,No,682.078365531623,30736.8876521614
No,No,218.73942195810798,53259.7623227317
No,Yes,311.530549144093,18534.430720913202
No,Yes,973.264479997202,16984.6107557205
No,No,771.8254969038941,40520.8094002804
No,No,667.203060826678,44682.8315566199
No,Yes,0.0,18426.2607220242
No,Yes,470.71757465280604,18052.1049990983
No,No,584.3567410214421,34128.7669919245
No,Yes,979.2244246328619,26010.887803166603
No,Yes,900.274608175963,22986.6136751281
Yes,No,1723.18721476173,43143.1644908776
No,No,691.168358366468,42342.3506993609
No,No,1216.98145158854,37967.6880750024
No,No,1970.8597608539899,37905.2526333646
No,No,1889.5247754829502,32509.616256927202
No,No,0.0,37343.4168074676
No,No,1195.62870012121,34701.8024887858
No,No,377.193845357772,41901.8473663191
No,No,1002.3512182151101,43048.1699151943
No,No,734.3358294325459,49128.53775475769
No,Yes,1228.48496561983,18937.2069449315
No,No,1056.65462971505,30711.861208836097
No,No,739.652879192582,48283.1870188822
No,Yes,717.7596661954719,19567.702770302
No,No,578.290656572117,48044.3844904488
No,No,309.782353880228,33671.5626141523
No,Yes,1365.02282368458,23281.320499788
No,No,600.538096885772,39260.3821217756
No,No,1160.1332216893902,32978.6595972612
No,No,384.53204138292296,36019.4103983883
No,No,1034.60116239922,41252.7283291139
No,Yes,389.21324176533795,22907.7674644876
No,Yes,1533.9119364052601,16453.8830816312
No,No,982.839988770985,32419.665047656003
No,No,0.0,36337.3521663594
No,No,357.74455930823405,45516.7761149121
No,No,1187.46360760233,37092.5904084287
No,Yes,442.02742502512496,17072.3366388213
No,Yes,1947.0224011617602,12147.046409164499
No,No,641.984388848021,30466.1032574814
No,No,352.550537246057,17626.1671331159
No,Yes,1260.49400898862,8549.2531756823
No,No,738.2532476636659,36086.0921345944
No,Yes,0.0,11537.8932286442
No,Yes,1749.5496090301401,20078.361875111103
No,No,163.747103724139,38970.0289045853
No,No,575.754615672545,26757.5793449716
No,Yes,1078.662962939,25945.1789642873
No,No,872.151841558757,40524.3387449511
No,No,1164.47640009829,36997.7189763332
No,Yes,757.4071027502961,25309.77323254
No,No,1356.72983609052,37664.0373894486
No,Yes,1026.12824734079,16430.6411248679
No,No,1493.61037995993,38744.2282579575
No,No,794.5840669540449,37520.2533303122
No,No,628.4195456612259,34756.2476400261
No,No,1121.49658624578,39395.8993577758
No,No,678.466828551987,40803.5749599981
No,No,887.743410952946,43478.8851944059
No,No,275.988091260141,35622.829451765
No,Yes,699.6980374432401,22590.6679750258
No,No,0.0,34648.9725974223
No,No,970.184702115234,38784.459154975695
No,Yes,1740.87005025992,17478.0312948152
No,Yes,238.31810694883,17194.1541417353
No,No,806.377684881681,40454.0678792373
No,No,605.274447356026,58469.4754932954
No,No,1150.99981758188,50099.293623152305
Yes,No,2049.0298451449,52568.9088071495
No,No,906.2232257811451,44626.94267205401
No,No,1120.7032386567,29613.887583210297
No,No,1314.7652046619999,30067.4106473223
No,Yes,1259.37281261196,22361.0547379156
No,No,515.619799710376,39638.6396270428
No,No,831.587329996423,32203.2718441375
No,Yes,639.46830362075,12323.349841158799
No,No,794.176212819499,43335.9850414375
No,No,1527.92479896565,44640.7447447419
No,No,637.8002910597401,40323.5590650437
No,No,1230.9031608653,44303.1979964794
No,No,444.604796363456,51584.3363563541
No,Yes,470.30939270528296,10062.0836038357
No,Yes,1128.1414929102,10159.241880994
No,No,1032.40348383143,38691.7939259647
No,No,1634.73155470246,40868.3321227274
No,No,72.1697402833453,39560.6349779677
No,No,956.985400588607,38285.7478995927
No,No,492.079767815411,33379.094602839505
No,No,0.0,39329.808178691295
No,No,1194.4564635290599,49316.9977584631
No,No,641.908417067159,45107.431685966396
No,No,296.88183065088504,43136.5616829479
No,No,1402.51244469243,46207.7798397669
No,No,1079.37274393436,66134.7178932348
No,No,194.193554789385,43150.501726601
No,No,433.93529004808,26888.087341900202
No,No,0.0,48303.871513740094
No,Yes,1670.8299911051502,11385.880271579199
No,No,1635.2029020012699,31541.094039297997
No,No,89.33404766872879,36515.9815919035
No,No,426.69354209974,30769.344772470402
No,No,943.937833482203,48198.400609456105
No,No,293.614966998029,35945.6602591222
No,No,835.1899280062261,44678.8317508059
No,No,592.611517621491,55124.8644992906
No,No,258.25525911809,38309.9880459355
No,Yes,833.6144952450541,11078.3902844208
No,No,619.559206544415,33476.667858075496
No,No,424.495933817511,23983.7731637878
No,No,706.974277907863,46165.154533487694
No,Yes,722.055420122016,14661.524562408798
No,Yes,1934.5111421907102,17084.048577191003
No,No,783.797563315914,33151.5672432225
No,Yes,1362.6444485928998,18205.2317816041
No,No,0.0,41371.661191841
No,No,354.702587096373,29893.039733018
No,No,1402.24271716909,32742.2706120643
No,No,809.478458031615,51608.542459649296
No,No,1482.48030006315,45260.6115977848
No,No,1030.92756438288,36271.334562997596
No,No,646.856743672621,28836.7571332658
No,No,1065.82556021692,39718.9492489258
No,No,0.0,50559.470747055995
No,Yes,1261.25713821857,26085.076117639903
No,No,1496.2323699903197,37534.3292363065
No,Yes,401.332673531641,15332.017832649499
No,No,1324.29667077346,46875.3942656965
No,Yes,1150.5471857872901,23705.9534246888
No,Yes,1353.49302986961,16727.6637244271
No,No,118.869800099736,42823.5719634177
No,Yes,1229.44149773733,12158.044657865801
No,No,1092.99815937252,37351.3396590005
No,No,904.033628607277,18898.3113286727
Yes,No,1504.75537803833,26183.245352516202
No,Yes,1162.59092159727,15419.110520958799
No,No,693.3584799262309,46466.2993893935
No,No,1477.6379561205702,36546.8231488484
No,Yes,172.412987480205,14955.941688988501
No,No,1285.3712790273598,39925.203396523
No,Yes,1418.58607157426,11556.695312702299
No,No,1379.6780438177302,31766.2935985596
No,Yes,724.3855760029221,18641.498415238402
No,No,1522.8551547184302,35805.2559666713
No,No,852.5307768923179,46662.767945783206
No,No,844.465479105882,44518.395270739806
No,No,1665.03697302705,48295.525150537695
No,Yes,1002.77528438556,11604.2877499049
No,Yes,1177.9574247621902,14385.167069487099
No,No,990.674804194908,56141.11375620269
No,No,347.371078226378,18488.1473162035
No,No,1075.11834569501,47566.7840330557
No,No,846.131294772518,29812.0877039202
No,No,1056.59687510996,25123.8596166639
No,Yes,1143.32901606626,17367.9255273604
No,No,314.985176814067,51112.937866025706
No,No,1338.53245663217,35072.3032579073
No,Yes,745.230621260668,12877.5095009707
No,No,1715.2826888901902,60137.6336767813
No,No,1416.06555486279,40371.2845887418
No,No,37.992536382540706,48739.835381004006
No,No,433.429970678414,49209.2563988888
No,Yes,1478.60087988669,13375.0157233804
No,No,1795.8837113161499,25878.51931005
No,No,1471.77507287232,32478.043910933502
No,No,1366.02602189242,51551.1083201808
No,No,690.1857312633811,32761.227214671402
No,Yes,601.8046897922329,16266.3025981603
No,No,206.948846369348,53058.561408705995
No,Yes,1596.70105479512,21581.272259309
No,No,908.931458644613,68758.8783988945
Yes,Yes,2125.7922020982396,19539.148608589298
No,Yes,631.172612415915,11075.894057886699
No,No,1310.95236456225,28978.4641182962
No,Yes,428.42582205600405,15446.9580283448
No,Yes,879.627008263598,14898.3114661048
Yes,Yes,1276.6850826197801,19282.4359237479
No,No,1451.78500633505,27853.9677827104
No,No,904.241522236051,40683.460345652005
No,No,555.22995118937,22788.9680825098
No,No,690.70587061269,59561.905200108704
No,No,356.244118146921,21319.0859608547
No,No,861.2727391673019,38111.0328679332
No,No,765.1320369108839,39600.484620627794
No,No,1185.02865067439,33298.500399847995
No,No,72.371953370087,28717.940621525802
No,No,0.0,65943.7839407987
No,Yes,904.994670662576,19108.7423327689
No,Yes,979.8771549154781,13522.421506398401
No,No,1402.69052668977,39656.6321983598
No,No,1253.0413172963001,32362.6525065495
No,No,1433.99232687817,19864.975375759
No,No,460.23443941905,47305.2160400713
No,No,1682.2012236140602,30441.554846171097
No,No,1233.7118744120698,72461.30139202111
No,Yes,1154.44636742935,14301.1571179952
No,Yes,1311.86009883369,15565.1976959325
No,No,921.3478541149921,47610.9551969613
No,Yes,914.515478973011,7525.584256344499
No,Yes,0.0,13621.811191288401
No,No,0.0,37482.4857282659
No,No,1147.5718967594198,32012.765347945697
No,Yes,1627.77461253757,23516.6390314813
No,No,958.326632217788,28145.8424785305
No,No,1716.67513437773,39543.2910788717
No,Yes,0.0,9321.4637343151
No,No,997.80984304604,50287.873740959294
No,No,277.29491791251303,27548.950298298798
No,No,997.379504092706,34824.848061927005
No,No,1063.7749366931098,34914.275254552296
Yes,Yes,1543.09958172153,18304.6505704658
No,Yes,766.6355370822271,21718.813618192802
No,Yes,0.0,20565.777654669
No,Yes,984.7631618482401,17039.9733179552
No,No,699.053865774975,41722.8060676529
No,No,1163.01689294047,38902.7636192958
No,Yes,1351.41154301245,14003.475724432701
No,Yes,375.19674693179604,13709.2053280026
No,Yes,1070.7521199751,11383.4426471097
No,Yes,1217.6239131840302,21160.4293008005
No,Yes,744.787902383805,22343.0973893148
No,Yes,1027.07059027312,24346.9397452388
No,Yes,130.147710478838,15174.6729794389
No,No,214.41156273588402,42758.812820694104
No,Yes,1056.77065098729,14194.6589987093
No,No,309.862823258618,56100.0544139902
No,No,1139.56716632629,36363.6248039883
No,No,825.955944652207,31661.625986106403
No,No,813.200651231514,49477.5115079057
No,No,1789.4645117868602,27427.004566428503
No,No,635.707607612644,26084.696049147202
No,No,331.680526736089,49756.171011055594
No,No,1042.80491991389,25867.1477168844
No,No,234.743603957668,27499.953621983797
No,No,751.122224356379,37304.1989940684
No,No,405.27398057965104,52571.1841278696
No,Yes,951.5885363151199,12163.1848463548
No,No,935.465250260437,30909.9309111235
No,No,196.515561979567,44226.63176975639
No,No,981.062638685672,54020.434153568
No,No,1369.92596745005,49089.8196259944
No,No,809.455689909933,39077.4328082427
No,No,698.078872879415,38960.2671895006
No,No,288.178064347863,36514.6759218012
No,Yes,1175.1333314901499,15444.9269201034
No,No,811.171202855366,42185.4435714864
No,Yes,885.923577632711,22365.854981530298
No,No,270.264088797442,41978.047884619904
No,Yes,1829.9099412937,21018.960116482802
No,No,695.493321681063,48899.3431818239
No,No,759.345814829436,32066.706725272597
No,Yes,1105.92557104881,13126.214243143
No,No,866.299668540652,65931.951109459
No,No,1128.41146297844,51778.1798537095
No,Yes,882.581967513754,17749.9720524962
No,No,902.513823067702,38647.5218924775
No,No,1639.3905719662698,30624.775928491803
No,Yes,991.093996282783,16842.436142830502
No,No,580.0545844238379,37278.2793128897
No,Yes,927.8877322636071,22473.3796109537
No,Yes,959.967042003212,18413.863852335
No,No,431.942741359302,46658.013814119004
No,No,279.67067301968103,58566.8842182417
No,No,350.196085511402,46893.7319861286
No,Yes,1457.83941086875,18496.9320583648
No,No,1651.32255274413,34024.6636828514
No,Yes,0.0,16156.0291216807
No,Yes,1626.9014210723699,11702.2834962136
No,No,960.912667754959,29304.4577217283
No,No,866.045922597997,44827.265878634294
No,Yes,623.757859297093,19191.966916563302
No,Yes,1288.55195777107,24918.4150782296
No,No,0.0,43160.324200842
No,No,1285.52803809771,39530.7596773893
No,Yes,1315.4214446258802,21650.4151619057
No,Yes,1099.54290396258,25314.8449400213
No,Yes,946.779603881376,12881.4021094055
No,Yes,645.338826892833,20122.2022949879
No,No,648.34461282168,18843.606232431
No,No,1380.48149032194,24856.6430609977
No,Yes,437.035235755779,16261.2075730818
No,Yes,313.396031622244,18071.688034513998
No,Yes,842.572226289192,17279.5218205669
No,Yes,463.091661446481,21248.6529351879
No,Yes,1765.89393783248,18053.499723111898
No,No,953.9364650245841,41250.478036989196
No,Yes,408.56297444775805,18471.774326669198
No,No,684.90629721516,14756.9983525477
No,No,1305.7746977541199,34412.116373967
No,No,1372.9358217613699,35467.7576566948
No,No,738.1944101756011,35134.2653548643
No,No,153.563343023163,49405.2609827479
Yes,No,1847.7913728798198,30202.846238197402
No,No,607.837992236717,33737.1754916676
No,No,1424.35121841429,37845.9992477028
No,No,564.411306490337,39643.536293478996
No,Yes,1779.0496986911603,15689.7766299802
No,No,926.694301047722,44233.6461669561
No,Yes,1115.54335974595,22552.713087124102
No,Yes,1702.98170171568,25203.4567626209
No,No,543.037129679086,31268.095162190803
No,No,1165.4911381469599,47684.219449748896
No,No,659.783085264805,42054.9149889584
No,No,1234.8316780692098,40155.451411161404
No,No,269.289219595483,33846.508638631
No,Yes,979.0653267998359,17666.3870981162
No,Yes,794.9731013791439,21590.9618652424
No,No,880.7170052252341,35579.2426234722
No,No,690.4383030787731,66807.9362979989
No,No,1294.76170642516,37712.3868971499
No,Yes,480.469765302404,14866.6122509044
No,No,756.0879107655679,49163.2233042613
No,No,433.669019529031,32904.6977154916
No,No,1164.36214026539,38759.7305513767
No,Yes,437.06829560768205,21638.9478395241
No,No,1591.1935826083,37501.4868906071
No,No,418.498344050518,29856.471677401
No,No,624.696396360594,30763.4651232863
No,Yes,933.7116932721871,11810.5545699631
No,No,396.820315984991,51560.0281005464
Yes,No,1750.25315038805,51578.9401632488
No,No,1708.1499669885502,46416.9455838446
No,No,996.445905646337,51393.7887153379
No,Yes,803.968975047329,16553.7728259018
No,No,423.714550584752,32640.2940725967
No,Yes,1202.38503020909,20550.6377000894
No,Yes,792.855972361212,8699.5983434718
No,No,743.5160764733231,33764.571812105
No,No,1274.60300516704,55206.7023324083
No,No,1096.21846957418,30653.2627505315
No,No,1549.0981513814002,26239.7818673704
No,No,815.1740232701931,37946.9813996175
No,No,66.7727220597995,43189.6645286797
No,No,937.5011931050709,33266.5194383876
No,No,1287.2058954930499,37135.3639398797
No,No,1734.22804374841,37621.6331723075
No,No,534.432226361313,34129.4754090997
No,No,0.0,45178.5916919899
No,No,949.282372434899,26960.7427591373
No,Yes,652.867587670394,23515.1313179576
No,No,0.0,53058.2552072079
No,No,798.4773510643919,32921.633935552
No,No,730.072003864106,47074.2289180681
No,No,719.93804397567,31031.2193961697
No,No,705.338209861416,23952.5445114994
No,No,212.36136845208,32283.405306208
No,Yes,596.056247366741,16084.9077085452
No,Yes,1250.97282891881,19275.2540337784
No,No,1602.8069430866,34700.2659635459
No,No,762.0735995885941,48268.5913873023
No,No,484.67949899276397,43900.091562763395
No,No,540.279044842846,26267.156349509503
Yes,No,1531.71645931978,43930.4000955678
No,Yes,1671.5232075996898,9981.89701353152
No,No,237.489889757362,44614.716323557695
No,Yes,811.046695390703,21263.0991404914
No,Yes,822.090169266773,20906.2178401806
Yes,Yes,1627.8983226573098,17546.9970160528
No,No,989.217092749214,42813.375110046
No,No,196.9384595398,35488.448883587596
No,Yes,778.853871913263,16007.456975417399
No,No,0.0,27367.7826593374
No,No,59.797071277564896,36000.0726853645
No,No,653.373456959241,52276.5854009763
No,No,1094.81283301666,32936.0586617393
No,No,636.606045459298,31870.5514728832
No,Yes,212.70864410610199,13155.6720563754
No,No,487.695020918891,46480.0359695332
No,No,665.627833705603,55093.38239870941
No,No,1086.42093928535,38656.6631307308
No,No,989.017791693055,35129.0917367816
No,Yes,1300.7204331361302,9266.529731328159
No,No,848.724426358956,41585.9525525882
No,No,892.2810718198821,40492.1005817823
No,No,0.0,45104.0940277016
No,Yes,953.809047021419,18241.7414386977
Yes,No,1964.01468409879,50553.5345217328
No,Yes,1096.4896471406,17856.265031593997
No,No,1213.0337204365699,17726.67010762
No,No,612.3249889484661,55326.4128432861
No,No,772.924577096729,42678.3880806454
No,No,1067.13902561623,53995.73049502639
No,No,935.481004968962,56610.8155695667
No,No,741.430158989983,32951.1793551857
No,Yes,1636.51972469254,17533.3422009671
No,No,955.0907542555209,52224.4927939227
No,Yes,425.831740346561,13275.9144055105
No,Yes,375.918849493335,20740.0761917877
No,No,1128.7915629401,29722.172662766803
No,No,1005.52542938779,34587.2436322169
No,Yes,153.400095790985,17840.3848795582
No,No,955.3433705483831,40368.5978855312
No,Yes,1095.61200214885,10450.7448786067
No,No,1124.49595976431,31739.563746405
No,No,591.636269770793,33852.3096699306
No,Yes,1079.0779493071,17966.7693767183
No,Yes,1776.72897362065,21280.8766053934
No,No,81.91809170967821,40936.906439517
No,No,347.614099566677,40138.077802422406
No,No,544.1262484584839,49900.5840191049
No,No,541.021814319389,29519.8801523274
No,Yes,1513.54156843839,23556.690503706202
No,No,818.334937015477,27390.8369123046
No,Yes,1074.5778705566802,18574.3537335753
No,No,0.0,29507.313246921804
No,No,953.3917889246189,20749.338158676
No,No,1341.0777774558999,40199.8414148092
No,No,1322.2517605997,43802.627239106296
No,No,830.571875567958,39723.7686575355
No,Yes,1182.6790445439801,17287.7484677075
No,No,879.624128238925,33682.1861575423
No,No,0.0,44525.84934921651
No,No,1074.12404031907,47517.8669242321
No,No,1005.129339452,43501.6964850784
No,Yes,1609.1360585512198,16373.945359347099
No,No,1284.38636050636,42831.9546193997
No,No,388.548350469936,18007.8329600719
No,No,824.802432209204,40957.5222660038
No,No,32.0680789944308,38788.6604713797
No,No,1114.4032365042801,47714.0221084582
No,No,1252.89403929371,35587.7235974753
No,No,418.299642765707,49670.02198153
No,No,630.2207788753869,24919.1838767956
No,No,1110.43993045955,39311.5345181127
No,No,991.158408318519,42767.6902792807
No,Yes,1203.10325643309,19967.863098697
No,No,1243.4513482109699,41184.8989068281
No,Yes,1558.21783126298,7364.83007811734
No,No,1267.2957912867098,36784.8369937151
No,No,544.143145637753,33861.5539040239
No,No,130.346822483144,53852.755086508
No,Yes,973.047858215706,23033.8503613238
No,No,413.36352252749003,43071.186309797005
No,No,497.54067226258906,43898.428497724904
No,No,113.571264398777,32803.8326475959
No,No,816.648909601169,52163.7815488925
No,No,0.0,41152.1739500131
No,No,230.23058789876703,37875.614823143
No,No,673.555270265584,49169.72853986269
No,Yes,1403.78934069962,22893.960515092203
No,No,1167.94362182515,57256.0074063843
No,No,726.04214847851,42272.437837761696
No,Yes,1204.54963030766,19058.9845429835
No,Yes,892.383860904144,17841.5226997873
No,Yes,469.456415113981,13944.8933994208
No,No,1055.95660472904,51317.8830823874
No,Yes,989.0907701481731,20262.0219405694
No,No,473.96143912569903,35133.0704073127
No,No,693.1013449420799,54492.7479580071
Yes,No,1898.32349723464,61011.215946710196
No,No,377.36364180159103,37442.8426514135
No,No,89.13495795722281,55604.6075315396
No,No,147.61011548848,37588.5626099252
No,No,245.438753254707,54133.0383062382
No,Yes,603.575190027631,15477.3538789755
No,No,977.5765274562519,51074.2127413645
No,Yes,684.9353812187551,21908.5715872975
No,No,1302.7837778175,50709.508627492694
No,No,131.62471369870198,40158.7089794291
No,Yes,1303.66258970167,7986.00033583452
No,No,764.505938856141,37869.2142885917
No,Yes,1098.4540458651402,16837.2103236566
No,Yes,1273.8911367113099,20104.4301645593
No,No,1094.77298187378,46617.8825725774
No,No,0.0,44387.574901559805
No,No,687.156829276007,26902.7025896597
No,No,1624.12643171564,16054.304210676899
No,Yes,703.063069636357,17692.6583930126
Yes,Yes,2124.48923886948,12651.0743188128
No,Yes,1737.3477149822302,19202.710191128797
No,Yes,1635.17512227273,13518.9306215118
No,No,1650.89601880151,43478.128206742
No,Yes,854.149364662585,12843.4365131166
No,No,327.240437287516,40061.6245140304
No,No,913.913965747442,53809.330358231906
No,No,122.094308759452,46609.3974801976
No,No,524.607913831661,40663.0434148193
No,No,758.506112361259,37485.9081337746
No,Yes,1262.48076570285,15636.257361759099
No,Yes,512.449777710332,24192.8889910366
No,No,983.837340767148,28980.1020215873
No,No,797.3475885294021,35177.409994692796
No,No,1033.88539901665,49262.0453292257
No,No,768.1587233844859,23991.0412896025
No,No,884.0225177796381,36889.4282456394
No,Yes,1345.2882971890801,23169.404130090898
No,No,691.8920904912841,32512.195389798
Yes,Yes,1789.4774747937602,17667.7822202713
Yes,Yes,2083.22837647615,20103.602739227
No,No,325.586549913805,45809.9842404834
No,Yes,566.52311940044,25398.3983784735
No,No,1584.5659431500799,45447.187028117696
No,Yes,503.21662257007796,21371.2463239397
No,No,772.732074090217,47161.276700309805
No,Yes,1270.09281045792,16809.0064517963
No,Yes,419.729554950423,24679.7314674036
No,No,1486.2010681086301,51021.6143568027
No,Yes,1366.47753375554,11268.7743330454
No,No,524.83815013125,41268.4236470728
No,No,381.70409918675796,25011.1033931994
No,No,432.09206483313204,56732.7372801469
No,No,837.328407015019,61950.803001072694
No,No,593.160786354557,46475.03132161
No,No,615.821849382944,34590.6835797159
No,No,1087.1937668964,54961.288480873605
No,No,0.0,27889.3047001377
No,No,666.394794790436,34912.33670141
No,No,44.3136199316928,30449.2501938471
No,No,0.0,48781.4789584836
No,No,870.412379656213,17685.4482369216
No,No,1224.93071142997,44002.654530335996
No,No,443.446992281183,29811.3634534199
No,Yes,954.0304336886079,21908.527156243603
No,Yes,594.310593322279,14159.6417849044
No,Yes,641.893645617273,16400.364750098797
No,No,572.186729626896,35926.3762376315
No,Yes,1231.2810942732199,15716.532259617199
No,Yes,711.851231569769,15132.3935899747
No,No,167.58415669188298,49087.25569463019
No,Yes,1805.2930711196,10405.4266603484
No,Yes,695.4764393428779,14030.3605474387
No,No,1373.7967923188,36888.9284103698
No,No,672.380047621219,40236.8732028806
No,No,1624.95646496252,47574.559716358395
No,No,330.62242766305,11732.251382503899
No,No,1110.7209223393302,47221.4476200208
No,No,1004.1876645374199,37132.657213993996
No,No,415.65536673952795,43389.6607477004
No,No,1523.9302766085998,58551.3595877966
No,No,1092.42595724569,43578.6469767627
No,No,319.030066005898,27401.1167743525
Yes,Yes,1893.6643342682999,21526.3506270682
No,Yes,1222.2450923901802,23152.723095741498
No,No,135.998235596591,59369.648407061104
No,No,679.827666865443,43692.536385604304
No,Yes,847.4580256422889,16926.3500223677
No,No,609.877134574805,40875.9465364492
No,No,563.89172073513,54147.7083859983
No,No,827.542885547743,39655.6770086561
No,Yes,672.358163240043,24495.0376192773
No,No,514.381527331564,20632.2681224495
No,Yes,410.46674874912003,25574.4383224847
No,No,1035.16023564515,67450.6880740411
No,Yes,815.341565034172,26064.365617944102
No,Yes,213.173275202052,22811.456978082202
No,No,959.600287013541,29850.212069957597
No,No,1045.3113517812899,31754.023779871
No,No,440.637650067582,50902.1361446325
No,No,937.033052836217,27174.5267042589
No,Yes,23.206051712480303,22196.653368878302
No,Yes,146.73536339800302,12716.2128314385
No,No,1101.80371492885,36555.4627038954
No,Yes,1280.41844842492,16310.9055269133
No,Yes,1302.79720625578,29252.361434109902
No,Yes,725.5724194551871,9019.545512358709
No,Yes,652.755692307818,23492.323241923597
No,Yes,960.11398559513,24326.060273482002
No,No,1110.060615566,40236.5014860719
No,Yes,675.036024406725,21115.7931230146
No,Yes,1308.02458812072,17353.8604211182
No,No,1272.07680514996,21503.1953515833
No,Yes,1770.79681540763,18837.4201675506
No,Yes,673.812427068436,17672.2879836527
No,Yes,666.4982301694171,11951.898790248799
No,No,771.441004544643,44810.299357671
No,No,1282.56757095112,36558.8379206386
No,Yes,927.632100647308,20640.7741049258
No,Yes,811.965045172706,12853.175607259
No,No,213.01007396322498,38950.6000660758
No,No,228.511851114921,57232.2685587695
No,No,979.8550461917611,40374.051564876
No,No,1010.6124552249199,34055.5715925025
No,Yes,1241.0618982583098,4664.565047441671
No,No,448.881996836721,38426.2593436877
No,Yes,913.046455922211,17139.5796008871
No,No,855.292565736026,35749.0327861947
No,No,1438.83369098514,35532.3993174811
No,No,413.752193061782,44803.36027925809
No,No,950.47136951895,38990.1738558434
No,No,182.628059937346,31623.9364457733
No,Yes,502.26108694003096,13572.748909077
No,No,1441.07069568953,33852.6775970728
No,Yes,792.529238472827,14546.30176771
No,No,523.216245168787,38063.401672175096
No,No,748.286644782209,45626.9945465569
No,No,431.904928118842,30115.152829135
No,No,790.740517947027,45900.297358015705
No,No,356.61316795134303,44473.3964918855
No,No,1646.61391882233,39347.4567996525
No,No,754.127489894913,41341.802604207594
No,No,557.374968867559,35067.2662366586
No,No,1621.7116428388001,37970.4740221371
No,No,303.482691590285,21381.314486888998
No,Yes,865.906315848438,18064.243987293998
No,Yes,1312.90720253482,15495.0265880783
No,Yes,576.065007536312,13536.6090365199
No,No,451.12932412663696,39849.713239490404
No,Yes,889.292843041319,14273.2937150958
No,No,947.5977921454131,34869.126851248904
No,Yes,1397.5048631049601,26604.5570945362
No,Yes,718.211753993742,18788.7481217329
No,Yes,633.769188903703,14109.8218115815
No,No,0.0,31314.6950884232
No,No,67.2304390711129,45751.4479321279
No,No,737.176958218147,54160.857890379295
No,No,0.0,34227.947139365
Yes,No,1711.16909322993,18579.1024704064
No,No,1394.79581919528,26074.934364367204
No,No,949.996706817807,32676.2307500825
No,Yes,1035.82346778548,13959.4204534083
No,No,0.0,24818.358625646
No,No,378.723020307566,15738.3318359457
No,No,1240.75460457603,51511.297598572804
No,No,1429.2210482079502,40564.8863059473
No,No,1202.31672214754,49914.5220391356
No,No,484.217358639711,30178.575239995098
No,Yes,1213.84055423107,17374.0639458298
No,No,941.741632288605,34559.6465423569
No,No,0.0,32724.506367132002
No,Yes,412.07144430926104,12588.9711331098
No,No,97.26487583995859,37468.1802348357
No,No,549.39904175625,48424.4043821238
No,No,0.0,30684.7305500516
No,No,0.0,41564.7698338846
Yes,No,1865.63577947078,49604.882130530896
No,No,286.852326895067,18402.1647545271
No,No,391.40820051392194,39761.561842660696
No,No,1101.09122392197,43035.5620761571
No,No,0.0,39120.0847898987
No,No,92.74066299733559,40722.5906489062
No,No,1604.72055375478,38186.9850695393
No,Yes,1415.6819944429901,21856.3209297024
No,No,420.49583185567496,58264.205816867005
No,No,1130.77214546715,40314.2715443769
No,No,343.194499373316,29555.9054677704
No,No,1206.6613620544902,37125.5913512782
No,Yes,1372.97803245667,10776.4442846822
No,No,590.666032001301,59574.2177200191
No,No,618.610523972339,45154.7478427691
No,No,373.178886417864,30826.0750245479
No,No,588.312430203572,56520.9625106958
No,No,395.851856906679,33708.5923827756
No,No,203.328123506147,40490.1449892228
No,No,322.00162519978,43774.4421094367
No,No,1001.22197077828,44801.401001788094
No,Yes,1312.93377963415,20208.5446086433
No,No,1075.21972115915,30485.0597420452
No,Yes,639.9996263023901,19900.0064038998
No,Yes,851.338372167527,22829.0247831648
No,No,486.81597224266403,25117.643819018398
No,No,1146.61402886155,40870.9013277309
No,Yes,939.704886735988,11331.4325243357
No,No,1166.2131855367802,36324.678860886605
No,Yes,871.815219474198,9788.57126016834
No,Yes,548.454729888128,21672.5398863769
No,No,1012.1941988496301,34631.706050092595
No,Yes,1353.981431586,17431.6053548792
No,No,892.820269988203,45379.8442652294
No,Yes,2134.01562679742,17897.6466128748
No,No,1082.1694961193,54099.9195245639
No,No,1142.32631903636,45173.3745996018
No,No,718.579877417863,12571.6893560988
No,Yes,810.5424069007651,17975.157128811497
No,No,52.9180891783735,30506.358853652004
No,No,611.825734885616,21716.5343596837
No,Yes,1120.03027338121,19170.4583479794
No,No,928.964969607818,46709.4802764204
No,Yes,1055.68253715521,25109.5084708156
No,No,634.21792638252,38672.7496473852
No,Yes,1144.27482876516,16002.3554700591
No,No,881.939111911127,62222.9807017551
No,No,95.14768019040551,51371.1999147598
No,No,1033.75665823613,21837.2428327308
No,Yes,564.6387390240529,24342.0307911737
No,No,880.5810244179021,49547.1760151448
No,Yes,1351.8497223330198,25890.5039884998
No,No,773.915226576855,44562.3381169342
No,Yes,717.371845383157,16319.1169756245
Yes,No,1488.7795619130302,49803.2930787071
No,No,1010.0707592746302,39456.908335945
Yes,No,2008.4585959103501,35145.0476213865
No,No,1352.61366887416,42194.3866996432
No,No,1218.55300529569,51224.917305182695
No,No,947.634932740896,46813.516308095706
No,Yes,106.25060742226299,17638.799733098702
No,No,645.075136365722,43244.5237618794
No,No,75.7952593119642,55189.6859931147
No,No,905.5317518190241,43066.0600596803
No,No,1125.15873643759,37864.3259790881
No,Yes,1176.14682328504,16670.6807862768
No,No,698.6738292001289,29580.0691003383
No,Yes,48.528095875895005,16647.3061614762
No,No,107.282083049617,54143.96274981651
No,Yes,968.6711009579939,22212.741034593397
No,No,1228.7885291320401,59100.8511498722
No,No,1210.41612201718,45113.162523044695
No,Yes,1292.44731610947,8231.03742327335
No,No,717.742833830408,49347.021805396
No,Yes,391.99822672082496,9995.04163332249
No,No,438.42024063126803,29899.822156939703
No,No,736.392672850291,32026.963957527
No,No,1458.67564680684,57786.3231230033
No,No,69.023877541276,41566.5820708201
No,No,638.229500996192,53812.7978817314
No,No,0.0,37727.4635794782
No,Yes,850.096116596461,18618.987907501898
No,No,853.060422763735,39553.365678329305
No,No,108.249452612372,45264.564793789505
No,No,418.823888877566,56320.6338597974
No,No,779.3762576956509,61158.8851121863
No,Yes,422.91401738152,18787.337027761398
No,Yes,957.630204213306,15018.913648386399
No,No,614.140621191737,17472.9148915626
No,Yes,587.874754114786,18448.100273857
No,Yes,1639.4266084175101,14682.7766583761
No,No,812.5880323815511,43980.139968578704
No,No,817.982440262695,40658.589913061696
No,No,986.0818160208198,52009.399645833895
No,No,768.37858481136,43325.970390159906
No,Yes,263.491319996353,25363.595246883197
No,No,1031.78625745329,39260.0062189948
No,No,1441.7433586158302,45037.1676788742
No,No,858.76112539063,29150.3440134128
No,Yes,1465.84955404493,17678.7363065959
No,Yes,1339.3127687594501,21031.8598306849
No,No,205.00626436915502,36554.6265286998
No,No,1322.05293700543,47814.1742032386
No,Yes,1371.46837154538,24248.551961558398
No,No,547.174974932957,36969.0032256196
No,No,1508.25085941898,43525.0527725642
No,Yes,1491.16610501992,18171.6222280094
No,No,338.476753874062,32666.512533214303
No,No,568.224254556575,39873.2428466328
No,No,559.832011277457,39144.4768374331
No,No,10.194456692994699,32641.9325638431
No,Yes,1383.5698235653301,17245.0286854431
No,No,1187.65668385132,46731.554866362996
No,No,1018.2212595671699,39893.3028681844
No,Yes,1344.0946787466,22012.2931469098
No,Yes,1006.9941089436801,17834.0641906451
No,Yes,1318.57773531948,18042.0176142666
No,No,1221.5997638931801,40865.3128875121
No,Yes,959.222353292648,16082.4476346076
No,No,1066.79279362836,49629.903005464694
Yes,No,1642.8199966382501,46856.947039092
No,No,0.0,44712.2316847198
No,No,341.040378604856,40255.4675973271
No,No,441.33698321975896,55970.923358664404
No,No,1232.23352673705,50731.864262604904
No,No,41.279727992759,52066.1473455983
No,No,124.828459521634,39478.3000749473
No,Yes,1498.0705912161402,13274.6305622079
No,No,752.985919181889,45523.4967931178
No,No,988.393947106499,49804.2837531124
No,No,1233.61892565538,49448.1710013837
No,Yes,1214.7833466882,11789.449842704
No,No,1073.02581933369,39553.831261169
No,No,1404.38306945215,35043.1060286742
No,No,1175.1255261274198,33284.2060671339
No,Yes,1889.67831898356,14756.9000181625
No,No,1752.88378856299,48250.1046209779
No,No,1386.66847806246,56325.449358342696
No,No,565.138987531877,38202.5839366837
No,Yes,1220.5249138529598,12195.3619458105
Yes,No,2054.45252745952,37366.7650507786
No,No,1255.4259416520301,17917.7947894635
No,No,1251.8885020792402,50174.3290696742
No,Yes,642.5364897914151,14763.3771815958
No,No,961.4024540643401,25478.818347505498
No,No,441.701436036663,44227.910266981795
No,Yes,1101.44496742737,20936.9269183621
No,No,0.0,41671.2094610296
No,Yes,1022.59833632716,11739.0959841144
No,No,929.8301537084219,45178.0530481921
No,No,499.622780567795,42052.8701176574
No,Yes,1126.94874392123,14298.264568672901
No,No,409.41174914965796,53624.4577497651
No,No,504.61535945988703,56623.010289951504
No,No,891.192146223565,35862.167302747795
No,No,533.4295862630461,24857.906532446403
No,No,842.985664608997,42682.1420130652
No,No,594.440525597425,28723.3418554818
No,No,1285.51797563905,37442.6425889869
No,No,603.020399834637,51229.7884696056
No,No,0.0,52632.3298935436
No,No,807.2945307007599,49367.775926955095
No,No,931.0411701353489,42225.3671429443
No,Yes,604.592700002911,14896.591869772099
No,Yes,850.159886593427,26764.2924616864
No,Yes,1348.6454558278501,21789.3822247358
No,No,496.001762649659,32818.157065104
No,No,956.446909552778,40740.329111790095
No,Yes,704.0954633786729,16509.5229344982
No,No,0.0,38870.4967984093
No,No,1007.2686794319301,28245.320075238702
No,No,1150.67771161838,38342.2890564805
No,Yes,514.1994977940091,21482.0348084397
No,Yes,1845.97643893727,12107.7418248053
No,No,0.0,48523.33555364441
No,No,0.0,40393.475426742
No,Yes,455.699938269667,19080.8089865564
No,Yes,1004.63015294009,9643.366150664351
No,No,6.7878617591435395,40145.339091531205
No,No,31.2565457414114,44970.7680127096
No,No,1234.51247251861,50293.4335358584
No,No,1055.41478885429,29967.173376934
No,No,180.171498916997,21403.077706576598
No,Yes,1178.24441352846,7750.289220559209
No,No,797.7426470533051,53398.928587191105
No,No,786.987434157094,33289.850824655296
No,No,1440.1329269194,28370.1043239688
No,No,688.109344546568,20098.5934559042
No,No,607.27706010457,36487.990989239
No,No,143.375320218317,17435.096380549
No,No,1031.12679572637,41022.095640174
No,No,910.7396182451989,40222.7125016071
No,Yes,326.438624759239,21109.4318148152
No,No,0.0,38613.6204965308
No,No,690.340942195294,29924.229458692997
No,Yes,732.4299417723039,26433.105443857003
No,No,796.836729677501,29397.884089772
No,No,952.927819302997,44894.442925427305
No,No,534.568707980078,37281.0402106883
No,Yes,866.4967606785901,24262.6938973924
No,No,500.22217836359704,38991.0124810993
No,No,185.01011450929403,40874.832851480096
No,No,543.794274359592,51964.751223970896
No,No,1378.94051426054,43998.1414025864
No,No,536.700808563883,35786.5148166
No,No,1185.6611151702,56483.5372041058
No,Yes,903.4586502086121,17254.9607045282
No,Yes,472.511100780113,19903.892050653
No,No,1292.16016111276,39387.6882367056
No,No,0.0,31774.647536239398
No,Yes,483.109799304421,15067.313708392
No,No,86.7255186935218,51257.583462366696
No,No,1313.83680422269,40843.0997786338
No,Yes,46.0102253175322,13950.086947328899
No,No,304.146597789837,23866.9358580166
No,No,1322.15285429724,47892.889984568705
No,No,742.290015884451,39367.1933081303
No,Yes,930.663262975502,22919.997170417402
No,No,763.743166120878,59856.7966744683
No,No,93.9405627936824,19811.3305427787
No,No,264.016096356061,45987.473909461
No,No,605.365694250338,39002.2296432859
No,Yes,0.0,19919.5634409027
No,Yes,574.8182291917279,16479.5388337621
No,No,267.959338826255,46134.6226561867
No,No,843.290805162947,41692.4222129256
No,Yes,843.008786630283,22037.4704117827
No,Yes,874.0171638493671,24635.3110317565
No,No,451.07605164218904,38348.4903195754
No,No,1505.0940829014999,43036.1211524722
No,No,491.520310598524,37128.7743004734
No,No,1123.6331387411399,17292.303171819298
No,No,929.576189948997,40442.0631153395
No,No,920.647422272782,37936.0891353303
No,Yes,265.503922870572,23775.4355664208
No,Yes,569.498790806108,19755.5211422929
Yes,No,1586.50219904833,48925.933377308604
No,Yes,1051.37688911756,13271.464692028401
No,No,1005.1630821859,42127.9944739671
No,Yes,1269.6782227209599,13998.3067322622
No,No,1219.3478822654401,34310.2919397433
No,No,833.533112973416,40526.305619329505
No,No,900.0853325974989,41276.5631894987
Yes,No,2024.10501794555,51508.8688750637
No,No,774.5380740640401,22691.882443965296
No,No,595.486701367495,34470.4180269734
No,No,515.635635549008,51072.8470169857
No,No,1091.41855088011,43091.1568580348
No,No,0.0,45788.4921149217
No,No,971.960011035032,33543.3349269627
No,No,1080.29165556776,43367.899566873595
No,No,601.26329258483,24400.096252234198
No,No,528.060825176608,34016.888746541605
No,Yes,916.794393751044,17152.157963703798
No,Yes,969.90946533819,13962.3324283703
No,Yes,1181.9347023996302,21086.0820079429
No,No,20.964503846540197,62862.75182681731
No,Yes,529.343106295732,17245.8006101566
No,No,25.736269169197197,28163.6929703336
No,No,1010.51628568877,36298.994976777794
No,No,1099.2929850959802,47625.3054566206
No,No,574.164492504123,44072.060797280705
No,No,442.590924942444,38947.3543696336
Yes,Yes,2035.8615565476,14435.8431942214
No,No,1378.29706776945,43411.6619224584
No,No,778.751922851176,58860.3807631449
No,No,686.163294807317,33190.4271290868
No,No,684.186023658561,45400.017356873796
No,No,1363.4816641902198,35359.7540473893
No,No,331.407086136963,20588.1718710621
No,Yes,886.951017327419,21792.6097936256
No,No,456.003327034018,29898.0050635925
No,No,266.460481236813,37622.0537634591
No,No,1474.0615442960502,47040.8085875203
No,No,812.347981166699,33654.6774179645
No,No,1469.60383564639,43436.9520748192
No,No,0.0,48290.8540329372
No,No,462.138386747959,44546.2371893247
No,No,1598.60255266893,48717.2631496507
No,No,970.925552198971,46051.86837483651
No,No,1444.6304769027402,40364.5558777602
No,Yes,922.885355540815,22988.8426517771
No,Yes,1054.2002082358001,19440.9731795923
No,No,126.362685399057,44280.9297885654
No,No,951.208724793444,20616.0807025014
No,No,1379.1843141748498,48254.600009129004
No,No,1215.1704734683099,55230.648185661
No,No,244.08113880079102,24854.249823643502
No,No,422.644529182164,58345.0145187153
No,Yes,0.0,17744.9299653708
No,No,1864.9464034250302,48678.4151933007
Yes,No,1838.8713689256301,32129.3398189179
No,No,523.9086947640351,43928.637933275495
No,No,443.63478342480903,46611.0206328516
No,No,727.3734928849091,46329.0277506726
No,No,164.001019441243,42695.3979153921
No,Yes,1497.0677673575901,9030.402563519341
No,Yes,1000.6217678560699,17223.637965174
No,No,0.0,41234.8917498709
No,Yes,734.459199314855,17619.4871763725
No,No,973.990820697017,45941.0220132698
No,No,975.571998093294,28804.0002507826
No,No,336.90711955838503,41907.7161462936
No,No,423.98547170409597,37979.7853256312
No,Yes,895.3189658042251,20869.355939084
No,Yes,996.232072600701,10707.9426639873
No,No,1043.37439662006,28079.262683638502
No,No,951.6202259636681,41689.5683729734
No,No,217.51241222814,39616.2602452715
No,Yes,1102.63126154414,10671.9235752487
No,Yes,703.685970450978,16617.5700884556
No,No,1290.1915420036698,36898.9287227477
No,No,828.644161650737,10948.504497517
No,No,795.49732640836,25336.326849318197
No,No,318.20946080777196,48975.367428685495
No,Yes,1926.2890080751502,12283.408513263
No,Yes,684.0985190962281,4985.1691133645
No,Yes,810.1022252305111,15102.32418046
No,No,698.905129961079,27001.553899309198
No,No,1393.3694626742802,43439.674069683504
No,Yes,1252.11395420994,16490.7069325506
No,No,1089.36587309619,43360.160154297
No,No,252.333309120169,38431.8186913772
No,Yes,0.0,17577.996335686697
Yes,No,1650.57800035387,31514.2596520501
No,No,1456.84937772931,40186.5308796148
No,Yes,996.543862160796,16995.6604049481
No,No,996.1819846275729,57972.5044444709
No,No,681.69357639072,33327.1130348719
No,No,689.687362383195,24085.4348274782
No,No,554.707652869949,28164.198552253798
No,No,1373.53303261699,56878.3350569795
No,No,0.0,41389.4352722328
No,No,578.495565421087,46030.8812771014
Yes,No,1743.0647098177699,22308.1257490576
No,No,1133.79978343124,39860.1632176141
No,No,739.418017847965,40656.9514480558
No,Yes,1184.72503438385,19797.7701544466
No,Yes,1382.4382305901902,15680.610493005901
No,No,560.514619197812,25254.041655486602
No,No,706.2267919331799,33920.4569663211
No,No,1371.33089893175,35820.629832872
No,Yes,1471.03353995012,12665.2418905555
No,No,838.275687752419,35917.4906102388
No,No,500.155117007218,34437.7068935173
No,Yes,804.53940215468,25091.460766250602
No,No,531.756183939059,42365.0736708439
No,No,1029.7868613789901,69547.4369460224
No,No,615.477640984647,45792.8999573859
No,No,460.681505823092,37129.2708182323
No,Yes,950.488155976941,13299.4869550647
No,Yes,113.27647596585301,21068.1640255051
No,No,674.804716962235,47653.6159785354
No,No,650.075529479081,32560.7610419904
No,Yes,1380.0967371571699,14142.075437436899
No,Yes,1412.0899668544198,17049.6600099038
No,No,604.980002579675,38885.3103196378
No,Yes,1941.0540620835998,14756.211475399099
No,No,412.25489056191003,37088.2123302523
No,Yes,346.215577878245,17866.5280381284
No,Yes,1399.95025661838,11010.2124515938
No,No,1008.6750006010901,68610.4120555314
No,Yes,306.041314131214,13190.832260295801
No,No,1039.23790961497,50653.9137882032
No,No,1222.34769171407,32363.3710505847
No,No,687.956792216651,40354.2160422405
No,No,867.6294827473779,43091.9359878415
No,No,728.278954840128,30028.180114332998
No,No,1591.8282896801502,27668.4417692371
No,No,0.0,40056.692657077
No,No,614.940983622697,30905.479817434
No,Yes,990.880561930152,21164.6639904912
No,Yes,633.170443606051,23694.3252385599
No,No,241.33603107271702,40122.4016171763
No,No,786.585649124404,43014.2207503651
No,No,1149.72013584049,57890.51595827941
No,No,343.643178302344,43483.7379647757
No,Yes,1225.34597052574,5524.374789564699
No,Yes,1713.3124712682902,17432.2735890031
No,No,910.759822660294,33660.7189686808
No,No,309.27068081804003,42226.65131333
No,No,1377.97881570218,34683.6124468226
No,No,962.223837965554,43974.0568690248
No,Yes,805.3980048544411,17902.5791933665
No,Yes,1041.14735129673,12488.7319281208
No,No,759.090406452521,41891.8575903576
No,Yes,1217.30987516687,10520.0430746812
No,No,863.954854648355,17159.1633825291
No,No,1064.08717221108,34677.931789904396
No,Yes,0.0,13226.1549646145
No,No,908.8712520958211,55612.1723587685
No,Yes,1461.83324856434,19252.2372905694
No,No,373.780330004006,53936.24177699441
No,Yes,1378.8760756438098,21613.578470166
No,No,688.105491060263,27080.7425441104
No,No,250.46833254330397,42309.0828207204
Yes,Yes,2113.6297613813604,21100.7217870678
No,No,1067.84243863848,70700.6478404576
No,Yes,1031.63836091527,21432.147052673
No,No,715.656721728525,23266.1356879781
No,No,722.0291624697189,26984.2562874375
No,No,0.0,49608.0061692772
No,No,1119.7026481000999,33510.3571772555
No,No,808.494793730309,56204.663014361504
No,No,306.459195932147,36812.6260466299
No,No,326.628956809194,52696.7251843216
No,No,382.094286204579,38348.2861872948
No,No,1340.7872092965301,36440.228321622795
No,Yes,1323.39565781292,23072.5499188748
Yes,No,1975.65302824061,38221.8397449546
No,Yes,622.413720314637,13072.0279621729
No,No,616.253970000918,42436.6864423497
No,Yes,1947.07267886716,13157.9565570619
No,No,0.0,42745.3020131405
No,Yes,1215.47001413849,20456.4382893475
No,Yes,1031.8697976722501,19322.5523521758
No,No,1583.096100745,15350.456046283402
No,No,1577.9725436046301,50430.2398100676
Yes,No,1572.34558970181,37895.1730685155
No,No,796.846346195829,20078.7892262371
No,No,577.131996919527,43616.0962322882
No,No,656.434943665867,26551.600902242597
No,No,1012.76845381661,36406.2410883707
No,No,1101.01501795199,32153.013592670097
No,No,211.075501758336,50506.220185253
No,No,262.79133618653196,28974.750549096803
No,Yes,1521.91273780211,21370.7938938827
No,Yes,0.0,19750.3962215709
No,No,439.20179176903196,42132.013626294
No,Yes,522.381180598609,23440.064222588502
No,No,0.0,24565.5716463348
No,No,1567.0238623297598,42258.7733461712
No,No,0.0,30836.4405061652
No,No,834.263678916678,28022.8368210329
No,No,1140.82015178859,36495.0553896058
No,No,729.0474334976179,35042.1329969977
No,No,452.00787706651704,39990.7656923565
No,Yes,851.975904788836,14170.9223069456
No,Yes,1384.3721317795098,21059.6048699065
No,No,307.730562590318,48123.551048948495
No,No,1217.2105274913301,33865.050577167
No,No,913.638326726234,50351.1551950528
No,Yes,898.631950753244,15293.874049459399
No,No,767.903559780495,44323.57966380059
No,Yes,477.782945771117,22753.5954724521
No,No,863.046051003096,50667.8767561549
No,Yes,138.906309174776,13005.8951509307
No,No,1712.4700369829902,40395.346371765896
No,Yes,1508.70177606082,25338.2646859801
Yes,No,1622.4990392531,39228.541425898904
No,No,1418.5561736435502,33960.5677357044
No,Yes,187.679885571478,18278.833967134
No,No,314.548049421055,43440.6040612716
No,No,949.1775915505431,36557.9615912885
No,No,0.0,43782.2558593837
Yes,No,1751.34708758191,38381.5857951998
No,No,338.725271742496,37017.1014891509
No,No,155.993061347122,37599.7679668851
No,Yes,966.35083804263,11776.5291469195
No,No,812.0838869045571,41821.2997786732
No,Yes,1493.8735617405403,15626.6594167928
No,No,905.641505720143,47271.349121691106
No,No,487.11688827906,55459.452995044296
No,No,672.062804619824,33850.9788397769
Yes,No,2037.9433537387602,43016.0721799483
No,No,753.8322964987799,46957.281875794695
No,No,560.297082198125,28419.354378981297
No,No,690.640342447775,26989.3943527933
No,No,769.181374128886,50070.7815461683
Yes,No,1981.45181538436,28127.895473312597
No,Yes,789.2148948546691,18231.8302550712
Yes,No,1114.8321809341198,39776.9989569363
No,Yes,1228.99390086462,18810.3843581736
No,No,548.645307903485,38094.426169688595
No,No,970.716096585793,48387.648617342005
No,No,0.0,41160.622506494
No,No,30.8244500988488,35960.6060192327
No,No,947.7959041328011,45284.2059483097
No,No,633.766672475066,34290.6049187037
No,No,82.7303897500606,27627.224081282402
No,No,1349.10644291826,28340.4373630662
No,Yes,1511.3728798348902,14982.5985069438
No,No,927.4686849674339,44308.2823244709
No,No,430.469060274272,47462.0709857981
No,No,1087.46579379215,32908.527122836604
No,Yes,613.656318023126,25040.4884531578
No,No,1174.5195060021902,23942.2057745183
No,No,853.2122165902709,31607.393398945802
No,No,890.7594971618511,20257.3799905086
No,Yes,916.536936849813,20130.915257700002
No,Yes,481.58837540249704,19623.4605356064
Yes,No,1288.40699655441,44253.308735392595
No,No,1353.26492393312,43888.8830574219
No,No,521.736727978673,28401.4974561068
No,No,0.0,51480.3873512327
No,No,589.914146029848,49945.38900581231
No,Yes,445.92906049534304,10629.618349193
No,No,743.1818270165401,50250.9190142536
No,Yes,148.657094714831,15645.7771213044
No,Yes,0.0,15986.2419692976
No,No,1796.11437554937,31862.5752894627
No,Yes,990.354260295393,18998.090779450402
No,No,742.562223947455,48207.6150768854
No,Yes,364.826699712477,22122.5210796027
No,Yes,1196.0418218139998,19665.829197163897
No,No,825.8499756766,48216.7118880664
No,No,1489.3570273597,37758.4128863958
No,No,721.1416860630119,40458.9542078904
No,Yes,1232.42246851404,24093.296437292098
No,No,1167.03505894924,34467.542863639304
No,No,421.172381915514,42721.4777704317
No,No,1250.6796533715801,37012.4075750985
No,Yes,830.860575104084,18259.6642152219
No,No,817.085888361365,55892.7261036349
No,No,47.7456654427857,31150.374692242098
No,No,1027.05457933546,44268.9587280937
No,No,154.663920437736,44714.371675657596
No,No,0.0,37553.5510529754
No,No,891.1554270666729,36023.0850073461
No,Yes,731.9517152633181,18117.4279105891
No,No,157.763001571446,36206.2856905703
No,No,1352.2909303135,33077.0888162943
No,No,334.466419532525,40156.244492710495
No,Yes,0.0,15698.9812337332
No,No,1585.8603725485098,42709.4918931997
No,No,1246.6261383225099,41930.155003597996
No,No,693.717332635451,40148.8711102766
No,Yes,1773.1535415221201,10177.8667369628
No,No,378.970424423049,39492.0119537958
No,Yes,384.590932449319,21364.230092396203
No,Yes,1275.53856458026,16445.624723891102
No,No,421.698130449243,32290.3259596544
No,No,820.017112578423,51584.6573183834
No,No,838.437038320412,40903.4806861138
No,Yes,1836.78008641535,15422.2321631999
No,Yes,0.0,15572.0212631125
No,No,737.685240540124,51138.265455575194
No,No,1033.12115530997,66304.7738246534
No,No,904.424080886182,56062.0165312447
No,No,994.199964316657,52689.53943187559
No,No,583.307443674091,37118.8306627309
No,No,1381.44222217693,47470.0187655353
No,No,272.87312934717005,44249.6786805901
No,No,802.413142185247,47444.4928019833
No,No,963.722811166049,47605.7685862013
No,No,696.465751345071,37599.6201297167
No,No,779.4775239522321,34089.7970086937
No,No,566.443852583261,36039.3940739969
No,No,1129.97593669534,32795.046338712404
No,Yes,1581.06593572758,17331.3258296657
No,No,1166.10023562566,23994.4039068604
Yes,No,1954.33329923565,35067.5349242276
No,No,241.44269031785598,30171.624493137002
No,No,1271.2708123604,36053.5029503061
No,No,257.897657222952,39477.031856565096
No,No,1377.55875173049,38364.6791518545
No,No,0.0,30143.9637125602
No,No,415.76825935316003,38425.759499755295
No,Yes,1092.27001277246,17454.601839530802
No,Yes,1220.1776056907001,15308.1270712607
No,No,1278.93266550967,42894.765295029705
No,No,1292.6727632228599,52541.6492484632
No,Yes,863.3212670472279,20425.8513260722
No,No,1104.30662323205,40006.133313516
No,No,1269.4203352418199,39010.1481869142
No,No,894.329102865568,45250.730309913604
No,No,150.142705477658,38610.3773141685
No,No,0.0,38663.2005143247
No,No,295.843230952289,30602.266890105897
No,Yes,1667.30882700937,15614.8209145114
No,Yes,711.039875304138,22000.1065648767
No,No,0.0,49784.3363547474
No,Yes,974.0143848705279,20108.1035841497
No,No,426.764149765367,38495.798022600495
No,No,700.453136926996,54661.115069738895
No,No,688.022470132904,29019.8178882188
No,Yes,408.21835215367895,21432.7264338213
No,No,514.545492306024,45763.899830911105
No,No,942.737482135501,38908.8811192003
No,No,963.332481084664,30100.7622696918
No,No,1026.70270669984,33915.0488366579
No,No,327.038582491764,51348.9372686679
No,Yes,732.7193808889721,14568.7474096201
No,Yes,1071.51158264737,11082.062899151699
No,No,426.55288027594,34191.2952216818
No,No,527.940359109328,47963.1790421382
No,No,544.2374276208519,43306.6211365794
No,Yes,282.831518827634,13371.055021089
No,Yes,853.818357435337,18750.7506332069
No,No,75.1839852575265,52166.0059677808
No,Yes,782.71082750063,13300.297468343799
No,No,891.403240954195,46611.7316362549
No,No,913.5871726089281,46907.22540286231
No,Yes,1590.17641257216,18666.412211868897
No,No,399.390381379442,17348.7842322496
No,No,0.0,32611.3730692625
No,No,927.211780951994,44368.8830946909
No,Yes,885.516846437988,21211.3259040908
No,Yes,770.826666509719,18896.728996789
No,No,705.204971986239,42683.187243286004
No,No,726.02934382868,41996.1244144328
No,No,821.853292644843,35358.3927357629
No,Yes,1610.0158576142999,19649.4844285022
No,No,924.4373405223779,40987.4861505338
No,No,692.1432226815821,47038.0903196941
No,No,396.513587196819,41969.7467736577
No,No,749.038516136778,53711.4604878896
No,No,610.227818661398,42465.3629640684
No,No,721.808132499821,56375.7219879443
No,No,0.0,22074.4936909088
No,Yes,914.1081755643891,19053.0058906904
No,Yes,790.5543285987101,20568.827242466497
No,No,485.792841695534,38281.3147946812
No,No,662.305318022324,31597.8976165624
No,No,1163.73601016216,32467.7480420105
No,No,901.288508994425,44594.3480307008
No,Yes,1241.6164198853999,12058.597618862199
No,No,216.96169180506502,31742.9944511373
No,No,0.0,38130.6456699094
No,Yes,535.335989397998,24268.8284962213
No,No,1067.3790343619,56291.602012056
No,Yes,1350.62900231003,11854.9844393708
No,Yes,1678.38200097825,8154.239773891859
No,No,910.230777507496,46274.3436016861
Yes,Yes,1013.2168863816099,19651.2617936432
No,Yes,1016.4506164284301,15099.530201258798
No,No,623.957676295728,46188.294958030994
No,No,1068.87395709384,41690.048670780496
No,No,947.8137894552619,42094.4701536065
No,No,1146.97142806638,30637.2972983416
No,Yes,820.656300958554,24820.0482387008
No,No,922.124106932605,48137.37167287731
Yes,No,959.159213374077,59435.2345810762
No,No,159.97347308844,30567.8013137362
No,Yes,874.3483757795099,10845.0188294157
No,No,931.784107242425,37280.4101469294
No,No,667.711628636986,30803.4446563457
No,No,497.33495411575996,35146.798773369504
No,No,380.950200559961,36943.361994060695
No,No,40.3011123429584,33656.7165255831
No,Yes,0.0,20217.0909125425
No,Yes,1122.1379003018199,13929.473672595901
No,No,1050.7642306907699,31558.8984246114
No,Yes,1234.24991259327,12268.3649559429
No,No,98.39661754629759,25308.589930525497
No,No,1340.2404292887402,37464.3187635305
No,Yes,717.601673035206,13729.05176324
No,Yes,1503.0751298552402,10600.4135403235
No,No,1248.37574903962,37469.8646245304
Yes,No,1815.7925200064499,31632.5838611298
No,No,885.004067297585,48753.5599562476
No,No,860.034364598748,33740.699107592
No,No,924.013153395013,28803.774692854
No,No,541.944001798071,37640.3002604157
Yes,No,2033.1917897071698,44998.287437256906
No,No,0.0,27455.9089977047
No,No,339.351397521402,38097.016679235
No,Yes,742.549323468977,24505.019346059198
No,Yes,1655.1128600313098,17269.7989092957
No,Yes,1110.10045653192,13013.610567213602
No,No,877.793933789175,30239.7207155808
No,Yes,975.95559735843,18246.8157222368
No,Yes,1315.3372979029,8431.17500361516
No,No,541.7555693486889,57322.1050225554
No,No,1024.32637691556,33832.4896292671
No,No,359.916678749368,52248.1180712292
No,No,918.118901852202,53710.2153023883
No,No,727.632557992218,38431.1580605875
No,No,696.107576993413,40325.38480824
No,Yes,200.92218263479697,16862.9523209407
No,No,1407.6395145697,52746.1331466994
No,Yes,406.38604907433,24086.9524874473
No,No,703.3860083884939,38419.4138282152
No,Yes,1070.32046448364,12756.76045352
No,No,794.587568399101,52507.4796276615
No,No,0.0,30360.548943819398
No,No,529.072681274052,43914.6714302252
No,No,288.80794961757704,30470.7070130486
No,No,1186.09870513382,50353.9254295505
No,No,270.22433286183104,49128.037144413895
No,Yes,640.639543022389,29236.6301917974
