Observation,Dist_Taxi,Dist_Market,Dist_Metro,Store_Area,Items_Available,Parking,Coupon_Category,Daily_Customer_Count,Store_Sales
1,9796,5250,10703,1659,1961,Open,CAT B,530,66490
2,8294,8186,12694,1461,1752,Not Provided,CAT B,210,39820
3,11001,14399,16991,1340,1609,Not Provided,CAT A,720,54010
4,8301,11188,12289,1451,1748,Covered,CAT B,620,53730
5,10510,12629,13921,1770,2111,Not Provided,CAT B,450,46620
6,6665,5142,9972,1442,1733,Open,CAT B,760,45260
7,13153,11869,17811,1542,1858,No Parking,CAT A,1030,72240
8,5882,9948,13315,1261,1507,Open,CAT C,1020,37720
9,7495,11589,13370,1090,1321,Not Provided,CAT B,680,46310
10,8233,7067,11400,1030,1235,Open,CAT C,1130,44150
11,4278,10646,8243,1187,1439,Covered,CAT A,1090,71280
12,8066,11149,12936,1751,2098,No Parking,CAT B,720,57620
13,7693,9130,14684,1746,2064,Open,CAT B,1050,60470
14,5236,10853,13054,1615,1931,Covered,CAT B,1160,59130
15,6027,6707,10176,1469,1756,Open,CAT B,770,66360
16,9648,14789,12812,1644,1950,Covered,CAT A,790,78870
17,11079,13102,13076,1578,1907,Open,CAT A,1440,77250
18,6698,11519,13441,1703,2045,Covered,CAT B,670,38170
19,9609,9066,13304,1438,1731,Open,CAT A,1030,63540
20,6209,7839,10660,1837,,Open,CAT B,790,49220
21,8155,8085,9837,1940,2340,Covered,CAT C,980,40190
22,9669,12385,13589,1421,1700,No Parking,CAT C,370,43460
23,11613,11675,15476,1458,1746,Open,CAT A,690,68890
24,10664,14161,15076,1719,2065,Covered,CAT B,950,52780
25,7309,7468,11460,1449,1752,Not Provided,CAT B,620,50680
26,7103,9832,10943,1234,1488,No Parking,CAT B,840,41880
27,6615,8178,12804,1732,2073,Not Provided,CAT C,820,70050
28,10870,12040,15221,1475,1777,Open,CAT C,1100,25820
29,7186,8400,11151,1226,,Open,CAT C,760,47660
30,11735,10687,16954,1390,1648,No Parking,CAT B,980,60530
31,13441,13852,17989,1642,1943,No Parking,CAT B,710,78100
32,8876,13372,15845,1715,2071,Open,CAT B,650,84860
33,4066,9318,10159,1439,1746,Open,CAT A,990,80140
34,8248,8464,11292,1250,1508,Open,CAT C,990,14920
35,9904,11866,14566,1331,1608,Open,CAT B,880,60460
36,6526,7876,11215,1784,2163,Covered,CAT B,620,74560
37,6166,9680,12079,1375,1648,Not Provided,CAT A,1020,72430
38,5064,10573,9796,1871,2230,Covered,CAT B,700,45460
39,6712,10341,15629,1442,1744,Not Provided,CAT C,610,41570
40,8317,13286,12785,1174,1411,Covered,CAT A,1080,62870
41,7796,17101,16192,1839,2204,No Parking,CAT B,1010,55170
42,9171,8368,12566,1270,1516,Not Provided,CAT B,0,45480
43,8525,11543,13589,1209,,Open,CAT A,1200,60410
44,9357,11584,14219,1435,1725,Open,CAT C,1250,49550
45,8101,11176,13502,965,1152,Not Provided,CAT C,600,48140
46,8794,12199,14275,1665,2001,No Parking,CAT A,730,67640
47,6017,14147,12642,1780,2117,Open,CAT C,780,39730
48,11265,12999,14621,1009,1194,Not Provided,CAT C,520,35800
49,6407,10134,13433,1227,1471,No Parking,CAT A,870,49270
50,,,10643,1565,1885,Not Provided,CAT A,660,67070
51,7193,10163,10715,1769,2087,No Parking,CAT B,690,66510
52,9723,11620,13693,1660,1982,Open,CAT B,910,62530
53,11363,14001,17453,1472,1776,Open,CAT B,1260,59980
54,13157,11247,16385,1408,1688,Not Provided,CAT A,1040,76350
55,11657,12184,16450,1514,1820,Covered,CAT B,910,81820
56,10269,7505,13552,1565,1880,Covered,CAT B,1300,57830
57,9480,15910,16887,1074,1288,Not Provided,CAT B,320,70450
58,10451,11465,16488,1864,2240,No Parking,CAT B,530,67000
59,7331,11247,10787,1570,1898,No Parking,CAT B,980,64090
60,8458,13941,15721,1417,1701,Open,CAT B,740,48670
61,9620,15033,14775,1734,2060,Not Provided,CAT B,1240,66210
62,10566,10728,16951,1470,1763,Covered,CAT B,1080,83660
63,5568,11538,14767,1761,2104,Not Provided,CAT A,1080,70770
64,8210,9740,12485,1756,2070,Open,CAT C,460,53870
65,4533,6617,10052,1704,2045,No Parking,CAT A,300,71300
66,7471,9029,14080,,1614,Covered,CAT A,870,76690
67,6239,7326,9085,2011,2391,Not Provided,CAT C,530,46100
68,10504,9938,13747,1472,1748,Open,CAT B,600,49100
69,12715,10229,15329,1310,1561,Not Provided,CAT B,860,65920
70,9472,9686,13464,1544,1821,Covered,CAT B,590,58660
71,4195,9050,7517,1707,2052,Open,CAT B,920,69130
72,5858,8114,11026,1881,2262,No Parking,CAT C,570,49080
73,9849,8773,15371,1416,1681,Not Provided,CAT A,290,72710
74,7983,6338,11916,1631,1941,Open,CAT B,650,33430
75,5174,9293,10704,1318,1576,Covered,CAT C,710,42430
76,7629,8786,12052,1692,2019,Open,CAT B,850,56650
77,8841,11909,11625,1152,1380,Not Provided,CAT B,530,33580
78,9327,9867,14244,891,1073,Not Provided,CAT A,630,67370
79,6637,10365,9537,1468,1749,Not Provided,CAT A,700,71780
80,4589,12404,12558,1539,1833,Not Provided,CAT A,650,84840
81,9604,13622,15501,1635,1956,Covered,CAT A,720,82070
82,8868,12356,13209,1267,1520,Not Provided,CAT B,450,26770
83,11676,14735,15825,1250,1475,Open,CAT B,1390,65560
84,11703,12778,16910,1598,,Covered,CAT A,530,81160
85,5909,10455,13125,1720,2044,Open,CAT B,960,38660
86,9674,12676,14459,1462,1761,Not Provided,CAT A,600,65660
87,4997,9411,11468,1431,1711,No Parking,CAT C,620,40700
88,9371,12701,16615,1539,1858,Not Provided,CAT A,1020,88910
89,14306,12591,18029,1441,1723,Open,CAT B,330,57860
90,6591,14567,13985,1572,1884,No Parking,CAT C,1410,42670
91,7566,9599,16454,1287,1525,Not Provided,CAT A,1200,90180
92,8463,8825,7307,1468,1760,Not Provided,CAT C,280,51280
93,1200,7579,7376,1931,2342,Covered,CAT A,940,97260
94,6871,10557,12097,1252,1506,Open,CAT B,850,39650
95,6956,9048,11991,1238,1468,Open,CAT C,960,45720
96,6541,7537,11474,1694,,Covered,CAT B,560,48300
97,2222,10106,8858,1479,1758,Covered,CAT C,420,42060
98,6194,8473,11978,1590,1912,Open,CAT B,830,65350
99,7025,10344,11682,2169,2617,Open,CAT B,600,67080
100,9233,12290,14032,1838,2205,Covered,CAT B,400,54030
101,7185,13170,13904,1385,1655,Open,CAT A,760,56360
102,7021,12206,14664,1921,2305,Covered,CAT A,1470,77120
103,7970,9719,9695,1975,2385,Not Provided,CAT B,500,50810
104,10381,15076,16590,1853,2235,Not Provided,CAT B,1120,60960
105,5725,16967,11221,1816,2171,Open,CAT A,1160,61180
106,13866,13472,15427,1785,2147,Open,CAT C,820,63660
107,6353,15169,13058,1579,1899,No Parking,CAT B,1140,41190
108,7944,7275,10843,1096,1321,Open,CAT A,900,78420
109,6445,9455,10950,1919,2294,Not Provided,CAT A,760,65580
110,4446,9575,9133,1262,1500,Not Provided,CAT A,1170,89080
111,5320,9845,9590,1374,1655,Covered,CAT A,1080,94170
112,10103,11932,16948,1309,1587,Not Provided,CAT B,1000,50950
113,11517,11278,14656,1207,1434,Not Provided,CAT A,690,65180
114,7388,15701,14982,1692,2031,Open,CAT A,810,69310
115,11475,14768,15998,1929,2311,Open,CAT B,630,79210
116,10148,10679,11618,1573,1878,Not Provided,CAT C,650,23740
117,6255,11047,10332,1415,1700,Covered,CAT B,920,36330
118,7018,7981,13748,1162,1382,Open,CAT C,1260,51700
119,9588,10711,13963,1485,1787,Open,CAT B,800,62950
120,8276,11728,11932,1897,2248,Not Provided,CAT A,1330,56010
121,7739,12930,12703,1607,1927,No Parking,CAT B,940,45080
122,10106,13805,16769,1909,2287,Not Provided,CAT B,1210,46830
123,8510,10891,13380,1274,1503,Open,CAT A,660,64750
124,5553,13174,11586,1157,1379,Not Provided,CAT A,770,80780
125,7522,11974,11433,1712,2046,Not Provided,CAT C,460,31180
126,8702,13088,14238,1500,1798,No Parking,CAT C,860,56710
127,6777,9885,11064,1682,2017,Open,CAT B,780,49390
128,7944,14333,12801,1441,1727,Not Provided,CAT A,890,66000
129,1637,7315,7685,1525,1835,Covered,CAT C,900,32770
130,5237,9949,9116,1408,1669,Not Provided,CAT B,530,46580
131,6567,14955,13427,1947,2333,Open,CAT A,790,79780
132,7293,6919,11618,1164,1390,Not Provided,CAT C,370,35510
133,4415,9440,10672,1787,2137,Covered,CAT A,610,80970
134,6873,7786,9520,1871,2241,Open,CAT B,500,61150
135,6139,9882,10482,1718,2051,Open,CAT B,750,49210
136,10772,9004,13291,1365,1636,Not Provided,CAT A,980,79950
137,4233,10090,11422,1368,1654,No Parking,CAT A,530,68740
138,7238,13882,13825,1342,1595,Open,CAT B,910,57480
139,7066,15366,15721,1076,1270,Open,CAT A,620,72630
140,8353,12447,12931,1396,1672,No Parking,CAT B,1170,50070
141,11621,14446,14609,1713,2071,Open,CAT B,900,40490
142,10831,15438,16525,1370,1638,Open,CAT B,980,51850
143,7650,5591,10198,1667,1993,No Parking,CAT C,740,42840
144,8464,14185,15235,1638,1972,Not Provided,CAT B,810,60940
145,6502,9917,10173,1581,1905,Open,CAT B,810,62280
146,4945,10098,9241,1795,2187,Open,CAT A,300,76530
147,5123,8950,8719,1179,1412,Covered,CAT A,790,85130
148,7540,7861,10544,1978,2374,Open,CAT B,800,48590
149,3529,13267,9687,1688,2042,No Parking,CAT A,760,73080
150,7597,10595,9399,1214,1456,Not Provided,CAT B,530,48950
151,4198,8105,7609,1504,1805,Open,CAT C,540,48560
152,9257,12705,15491,1498,1770,Not Provided,CAT B,620,59380
153,7611,8008,11018,1462,1762,Open,CAT C,1010,51190
154,9334,12267,14658,1442,1750,Not Provided,CAT B,130,58920
155,3761,8492,8590,1250,1486,Open,CAT B,730,50360
156,7738,9475,14329,1229,1480,Open,CAT C,830,38070
157,5964,10763,12082,1936,2300,Covered,CAT C,1060,49170
158,7032,11598,12267,1369,1629,Open,CAT C,770,39740
159,3761,7646,7251,1514,,No Parking,CAT C,440,54850
160,10868,12273,14157,1662,1986,Open,CAT B,70,63730
161,,,13083,1544,1847,Open,CAT B,750,64790
162,10100,11816,14994,1548,1855,Open,CAT A,670,85330
163,10967,12140,14999,1649,1963,Not Provided,CAT C,490,27410
164,11678,14658,14417,1393,1663,Open,CAT C,670,37320
165,3644,10324,10264,1450,1734,Not Provided,CAT A,380,71120
166,5595,13050,12267,1613,1921,Covered,CAT A,1200,72800
167,10043,12339,14476,1408,1696,No Parking,CAT C,350,34410
168,3050,11554,8995,775,932,Open,CAT C,1090,42530
169,9487,10781,15148,1275,1534,Covered,CAT A,1230,54300
170,9674,12730,15159,1740,2078,Open,CAT B,680,50780
171,6373,8175,9701,1372,1657,Open,CAT B,580,45020
172,6326,11417,9620,1414,1723,Covered,CAT A,680,69600
173,3328,6678,9320,2044,2474,Open,CAT B,340,80340
174,8509,10793,11170,1823,2176,Not Provided,CAT B,700,37810
175,9963,10658,14014,955,1133,Not Provided,CAT C,580,46140
176,5754,6031,9745,1465,1763,Not Provided,CAT A,680,99570
177,10039,8836,15253,1331,1606,Open,CAT C,630,38650
178,8738,12259,15087,1232,1487,Not Provided,CAT C,860,49800
179,5736,11309,14316,1481,1765,No Parking,CAT A,490,69910
180,4692,5460,7531,1343,1599,Open,CAT B,870,44910
181,8391,12763,15332,1539,1837,Covered,CAT A,990,78470
182,9770,11006,16758,1007,1207,No Parking,CAT B,670,47460
183,7371,9749,13443,1762,2145,Open,CAT C,490,33460
184,10662,10945,13294,1527,1832,Not Provided,CAT C,580,44090
185,5654,10609,9842,1356,1619,Covered,CAT C,700,42620
186,13166,11814,18307,1536,1848,No Parking,CAT B,670,69450
187,9255,11812,14629,1605,1902,Not Provided,CAT B,390,73120
188,4917,7195,9468,1704,2032,Covered,CAT C,590,48300
189,7557,9831,13403,1626,1941,Not Provided,CAT A,1350,58090
190,6424,13011,11082,1612,1939,Not Provided,CAT A,840,74250
191,4933,12836,12107,1174,1396,Covered,CAT B,1100,40930
192,7713,12150,13475,1923,2339,Open,CAT A,950,70930
193,9247,8857,14642,1702,2053,Open,CAT A,950,64670
194,15522,13528,20076,1398,1692,No Parking,CAT A,650,77420
195,8691,10901,12693,1437,1717,Open,CAT B,230,32330
196,10813,12852,16833,1524,1796,Open,CAT C,1060,41080
197,8509,12981,13230,1902,,Open,CAT A,590,101120
198,10296,11300,10885,1660,1985,Covered,CAT C,1180,42860
199,9834,14431,16375,1302,1569,Open,CAT C,710,68450
200,8704,13572,12349,1666,2000,Open,CAT C,480,39730
201,7863,11266,12375,1391,1649,Open,CAT A,810,83750
202,10083,13322,15167,1778,2148,Open,CAT A,1140,69940
203,11203,12227,16293,1462,1770,Open,CAT A,1070,67710
204,12499,11966,17546,1751,2115,No Parking,CAT B,790,67360
205,10890,13235,13935,1652,1982,Covered,CAT C,690,52460
206,10502,12011,16938,1841,2215,Covered,CAT A,610,88760
207,,,8735,1841,2230,No Parking,CAT A,920,76880
208,13120,15147,20263,1496,1791,Not Provided,CAT A,1240,67030
209,1868,9951,9760,1504,1827,Open,CAT A,840,78230
210,8643,12365,13695,1524,1808,Not Provided,CAT B,460,62270
211,8121,9372,10995,1148,1371,Open,CAT A,940,49760
212,11100,10338,14201,1468,1744,No Parking,CAT A,590,73660
213,6126,8116,14091,1310,1558,Not Provided,CAT A,890,72320
214,10187,12921,13539,1321,1579,Covered,CAT B,770,68890
215,4053,7724,8975,992,1192,Not Provided,CAT C,900,34180
216,9932,8958,14087,1540,1857,Open,CAT C,1020,58260
217,8385,12977,14868,1807,2149,Not Provided,CAT B,910,38120
218,9236,12932,14681,1526,1853,Open,CAT C,660,49070
219,11195,16650,18762,1406,1677,Open,CAT A,480,61660
220,11749,11673,16036,1703,2055,No Parking,CAT C,1080,37830
221,5159,12872,9786,1575,1872,Covered,CAT C,690,52270
222,11291,8711,14479,1309,1572,Open,CAT C,510,52280
223,5312,12616,12095,1488,1807,Open,CAT A,1030,70810
224,12001,16298,15585,1658,1988,Not Provided,CAT B,370,71530
225,9024,9404,13234,1863,2245,Open,CAT A,640,77260
226,6209,10808,11285,1458,1725,Not Provided,CAT A,750,75550
227,5770,12932,13163,1604,1909,Open,CAT C,370,33730
228,6697,8730,11209,1575,1899,Open,CAT B,840,66270
229,5899,7614,9374,1525,1829,Covered,CAT A,840,55820
230,9939,14835,15351,1451,1737,Open,CAT A,890,68430
231,12336,14878,17719,1390,1687,Open,CAT A,620,73990
232,10238,9621,12102,1442,1742,Open,CAT A,310,62800
233,10664,7432,14294,1620,1922,Covered,CAT B,550,33740
234,13071,15127,17387,1251,1527,Open,CAT C,380,63830
235,7826,13333,11983,1318,1606,Covered,CAT C,1200,24410
236,10539,14728,14223,1647,1962,No Parking,CAT A,800,70020
237,11355,11024,16005,1829,2175,No Parking,CAT A,870,92240
238,8387,11281,14879,1852,2227,Covered,CAT C,1220,68230
239,12631,12290,14599,1699,2053,Open,CAT A,1080,81870
240,5366,11566,12466,1325,1595,Open,CAT A,540,73860
241,6571,10429,11465,1350,1634,Open,CAT B,880,77120
242,5485,8488,12234,1347,1628,Covered,CAT A,120,72350
243,5181,9038,10100,1397,1661,Open,CAT B,1410,49160
244,8085,11993,13463,1245,1499,Open,CAT B,570,45650
245,10612,8229,15696,1366,1649,Not Provided,CAT B,940,52780
246,10625,13922,16123,1378,1658,Not Provided,CAT A,760,90960
247,2999,11347,8760,1767,2110,Not Provided,CAT A,1200,64950
248,10631,8780,15335,1184,1434,Not Provided,CAT C,670,47230
249,8323,10395,11206,1257,1505,No Parking,CAT A,950,83250
250,3696,6455,7925,,1846,Not Provided,CAT A,640,78080
251,5758,10148,13301,1863,2247,Open,CAT C,480,51950
252,9707,8985,13875,1881,2244,Open,CAT B,920,66030
253,13392,13930,18104,1329,1609,Not Provided,CAT B,1150,68590
254,4906,10462,12246,1539,1848,Open,CAT B,750,47140
255,10006,10003,14751,1557,1861,No Parking,CAT A,370,69940
256,6583,6438,10118,2007,2397,Open,CAT C,610,65890
257,10100,11800,14304,1185,1418,Not Provided,CAT B,1150,89310
258,9573,13264,16608,1657,2003,Not Provided,CAT B,1070,58540
259,8231,10056,14031,1294,1539,Not Provided,CAT A,790,78130
260,10213,13975,15747,1296,1559,No Parking,CAT A,1070,92300
261,10437,13268,14922,1733,2097,Open,CAT B,730,56170
262,6382,6892,13197,1641,1976,Open,CAT B,620,46050
263,5732,12634,12938,1373,1648,Not Provided,CAT B,530,43390
264,5402,6653,10474,1550,1845,Covered,CAT A,700,61750
265,7911,13003,12926,1583,1907,Open,CAT C,680,21830
266,8784,12817,14448,1428,1719,Not Provided,CAT C,1060,39800
267,5566,9162,10429,1604,1925,Covered,CAT B,670,54370
268,8228,13686,13223,1439,1735,Not Provided,CAT A,400,62470
269,10414,11359,12764,1648,2003,Open,CAT A,910,82930
270,12974,13529,18046,1025,1231,No Parking,CAT B,760,63720
271,8712,10134,13615,2001,2394,Not Provided,CAT B,540,79180
272,4616,9983,10644,1145,1370,Covered,CAT B,350,38210
273,8370,13716,13115,1174,1426,Open,CAT C,980,25950
274,11875,9962,14066,913,1106,Open,CAT A,860,56610
275,8895,10317,12353,1199,1433,Not Provided,CAT A,1020,73710
276,7653,11521,14161,1875,2254,Open,CAT A,1120,70400
277,13339,15821,18449,1153,1397,No Parking,CAT C,1020,50440
278,4355,6857,6316,1240,1492,Not Provided,CAT B,940,66840
279,5577,8399,11778,1381,1660,Open,CAT B,970,50170
280,2480,12328,8774,1328,,Open,CAT B,490,58490
281,11184,12656,14583,1701,2030,Covered,CAT C,830,60140
282,12728,12131,16681,1206,1456,Open,CAT C,920,37130
283,6297,11128,11198,1476,1777,No Parking,CAT C,660,42890
284,7531,12145,13548,1189,1439,Not Provided,CAT B,780,26220
285,9061,8496,14431,1837,2220,No Parking,CAT A,340,50840
286,4637,8636,11431,1319,1571,No Parking,CAT C,1190,25630
287,7573,9645,14012,1617,1901,Open,CAT B,490,60770
288,6923,7928,12000,1631,1967,Open,CAT B,1090,69600
289,7635,10625,12975,1517,1805,Covered,CAT C,1040,41740
290,8117,13349,16226,1764,2109,Not Provided,CAT C,1210,50130
291,8726,12035,10170,1572,1869,Open,CAT C,1030,21750
292,10437,13667,12454,1855,2197,Open,CAT B,1170,80490
293,7974,13932,12772,1327,1571,Not Provided,CAT B,730,34020
294,8705,12027,14258,1270,1515,Open,CAT B,720,60240
295,6573,11137,9470,1734,2073,Open,CAT B,500,39460
296,11017,8028,14703,1533,1848,Covered,CAT B,1070,56440
297,10517,9839,13059,1390,1646,Open,CAT B,800,46840
298,5896,14047,13272,1856,2216,Open,CAT B,1020,64820
299,8051,10492,11114,1000,1215,Open,CAT A,1070,52520
300,7097,13252,13997,1313,1586,Covered,CAT C,420,45940
301,4219,5927,7860,1494,1799,Open,CAT C,510,38970
302,9908,12872,13554,1386,1674,No Parking,CAT B,1210,58610
303,8913,7116,12276,1979,2364,Not Provided,CAT C,660,30810
304,7964,17040,14582,1057,1264,Open,CAT B,360,47730
305,4019,7091,8720,902,1093,Covered,CAT A,1210,64640
306,9242,13331,13748,1644,2003,No Parking,CAT C,-110,32750
307,8801,11775,12950,1347,1622,Open,CAT B,560,44860
308,10720,13072,14860,1314,1576,Covered,CAT B,360,55660
309,8556,11931,13511,1513,1803,Not Provided,CAT C,970,57530
310,8933,14064,14874,1305,1548,Not Provided,CAT A,480,75200
311,8100,9239,10996,1180,1436,No Parking,CAT B,690,37330
312,9354,8578,10360,1142,1352,Not Provided,CAT C,710,35280
313,10692,13202,16298,1471,1768,Not Provided,CAT A,780,70610
314,12386,12834,13614,1075,1288,Not Provided,CAT C,630,49720
315,8541,13767,13081,1578,1885,Covered,CAT A,220,68850
316,8450,10286,13820,1585,1916,Covered,CAT C,1110,50740
317,9803,14989,14259,1391,1648,Open,CAT A,720,77070
318,11142,10953,14331,1577,1892,Open,CAT A,560,74730
319,9851,13410,16916,1092,1314,Open,CAT A,600,76530
320,6089,13147,10479,1375,1681,Open,CAT A,440,68900
321,11240,9781,15232,1523,1813,Covered,CAT A,520,44960
322,10349,10540,14593,1373,1654,Not Provided,CAT B,410,41490
323,6237,11896,12512,1550,1871,Covered,CAT A,590,74320
324,5516,9426,11457,1614,1946,Covered,CAT A,740,73800
325,,,12906,1677,2022,Open,CAT B,730,55890
326,8362,9041,13899,1566,1889,Covered,CAT B,610,56400
327,4603,9103,10753,2019,2396,Covered,CAT A,540,71570
328,4904,11562,12490,1494,1806,Open,CAT B,1450,43640
329,9722,13414,13617,1659,2008,No Parking,CAT C,620,35120
330,8884,6700,11772,1766,2131,Covered,CAT B,340,58670
331,10457,16441,17743,1293,1554,Covered,CAT A,970,75800
332,3114,7163,8477,1375,1659,Covered,CAT A,1080,76640
333,9132,11092,13571,1236,1484,No Parking,CAT B,560,31890
334,11416,11521,18432,1332,1586,No Parking,CAT C,630,61670
335,7492,12257,11623,1513,1825,Covered,CAT A,980,75950
336,9464,10762,13998,1208,1459,Open,CAT C,930,41490
337,7960,15487,11348,1190,1429,Open,CAT B,470,66170
338,4850,12848,11995,1448,1734,Open,CAT C,680,37980
339,9308,18281,18532,1771,2147,Open,CAT C,430,62710
340,5889,12646,10210,1365,1645,Not Provided,CAT A,830,60470
341,5622,11612,11735,1510,1810,No Parking,CAT C,950,35230
342,6509,11842,12569,1458,1736,Open,CAT B,870,48550
343,13991,16736,17999,1808,2157,Not Provided,CAT C,730,56810
344,8257,11489,12600,1615,1954,Open,CAT B,760,41080
345,7259,11982,13297,1640,1948,Covered,CAT C,960,51270
346,7197,7872,11113,1060,1273,Open,CAT B,860,57500
347,9119,11639,14374,1633,1968,Open,CAT C,330,81470
348,9375,9562,12062,1222,1473,Not Provided,CAT A,630,49570
349,12946,11622,15214,1619,1957,Open,CAT B,1280,45580
350,10948,11622,14879,1624,1973,No Parking,CAT C,1440,44660
351,5790,14387,9654,1887,2278,Open,CAT A,570,76240
352,9107,9300,17103,1320,1583,Not Provided,CAT B,540,43720
353,11198,10781,16789,1450,1750,Open,CAT C,480,46700
354,8278,16251,13857,1455,1764,Covered,CAT A,390,84690
355,7364,7633,12153,966,1172,Not Provided,CAT A,900,85470
356,8692,9271,12352,1922,2290,Open,CAT A,290,80410
357,8256,16042,16071,1678,1999,Not Provided,CAT C,740,46650
358,11986,17552,19014,1638,1952,Not Provided,CAT A,690,81840
359,8395,12052,12398,2215,,Covered,CAT B,990,64240
360,4604,5839,7428,1145,1375,Open,CAT A,950,63590
361,20662,20945,23294,24300,12730,Covered,CAT B,1130,1500000
362,4846,6375,9920,2004,2390,Open,CAT B,930,50130
363,15321,11916,16620,1954,2378,Covered,CAT C,810,45820
364,7618,7083,10051,1577,1879,Covered,CAT A,760,86710
365,9666,10668,16002,1766,2138,Open,CAT B,580,49980
366,7318,9441,12192,1362,1634,Not Provided,CAT A,770,82940
367,8927,10229,13380,1886,2228,Open,CAT C,1530,40350
368,8197,14389,13108,1291,1546,Open,CAT A,420,93950
369,6276,10973,13016,1584,1897,Not Provided,CAT C,1210,47310
370,7338,8547,12034,1397,1686,No Parking,CAT B,850,21300
371,9410,12397,15927,1445,1709,Open,CAT A,1340,62180
372,7047,9529,14945,1433,1707,Not Provided,CAT B,1160,61460
373,7788,10946,14208,1269,1511,Open,CAT C,500,54360
374,7373,8907,11449,1798,2134,Covered,CAT A,820,72050
375,9415,12467,12841,1514,1822,Covered,CAT C,670,48090
376,6792,11510,14652,1015,1216,No Parking,CAT C,460,27310
377,604,6231,4922,1495,1799,Open,CAT B,950,57160
378,12898,12966,15635,1759,2095,Open,CAT C,980,34190
379,6153,10234,10502,1219,1468,Covered,CAT B,850,35600
380,7281,8521,13216,1571,1877,Open,CAT B,580,54670
381,8475,14837,13124,1404,1670,Open,CAT A,620,76730
382,8873,10762,14213,1636,,Open,CAT B,710,67210
383,9913,12642,15044,1124,1369,No Parking,CAT B,650,63540
384,6650,6080,10017,1514,1837,Open,CAT B,1130,36690
385,10027,11992,15660,1207,1476,Open,CAT A,720,87370
386,5558,8275,10846,1484,1774,No Parking,CAT A,940,59800
387,5162,6611,9842,1398,1678,No Parking,CAT B,920,48030
388,8283,14385,15540,1769,2112,Open,CAT A,660,96650
389,6469,10114,11295,1111,1322,Not Provided,CAT A,610,65500
390,7754,9915,9861,1078,1305,Covered,CAT A,1190,55530
391,9689,10159,11554,1876,2254,No Parking,CAT C,1340,21650
392,13015,15026,15586,1909,2306,Not Provided,CAT C,820,31940
393,5944,7143,12384,1940,2343,Covered,CAT A,1130,84690
394,3132,8369,8805,1391,1683,Open,CAT B,890,68390
395,7508,10841,11927,1496,1774,Not Provided,CAT A,810,75490
396,3772,6427,10119,1412,1699,Open,CAT B,680,39200
397,12545,14209,16889,1121,1345,No Parking,CAT A,320,85670
398,12012,8507,12364,1691,2026,Open,CAT C,700,60530
399,11605,12579,16088,1599,1946,Open,CAT B,940,78090
400,,,12418,1477,1778,Open,CAT B,460,57860
401,9154,12441,14070,1208,1467,Not Provided,CAT B,910,50720
402,9468,11604,13764,1454,1737,Not Provided,CAT C,870,23090
403,8044,14513,15360,1555,1881,Covered,CAT A,1260,91360
404,7317,7638,13712,1554,1852,Open,CAT B,440,48120
405,6860,12712,12638,1491,1800,Not Provided,CAT A,980,75620
406,7270,9499,11654,1415,1697,Open,CAT B,1200,39420
407,6832,13517,9360,1487,1801,Open,CAT B,890,51130
408,6830,12550,12612,1339,1589,Not Provided,CAT C,1050,33890
409,7823,9200,13495,1320,1562,Covered,CAT A,610,87170
410,8773,13547,15551,1509,1799,No Parking,CAT A,960,38600
411,6947,9487,10385,1406,1680,Not Provided,CAT A,860,60980
412,7083,7275,10474,1264,1502,Open,CAT A,800,79410
413,10057,8292,13595,1905,2280,Open,CAT B,1060,82350
414,7214,13739,13314,1209,1464,Covered,CAT C,600,36740
415,7935,7911,10691,1546,1829,Not Provided,CAT B,380,27720
416,5787,14151,14705,1689,2044,Open,CAT C,1140,32260
417,9259,8471,12891,1153,1381,No Parking,CAT B,730,53270
418,11445,5955,13648,2063,2493,Covered,CAT C,810,51480
419,6650,8409,12131,1848,2254,Open,CAT B,1000,59970
420,6858,12850,12287,1718,2056,Covered,CAT A,1220,83600
421,11309,8252,13199,1480,1773,Covered,CAT B,360,63020
422,5727,5902,10754,1439,1724,Not Provided,CAT A,900,50920
423,9328,13093,12841,1576,1896,Not Provided,CAT B,750,56450
424,4049,4402,8614,1948,2374,Open,CAT A,930,89540
425,5440,12550,11734,1613,1893,Not Provided,CAT C,1180,46030
426,11037,9154,12853,1151,,Open,CAT B,1300,67010
427,12977,12302,16496,896,1059,Open,CAT A,870,75110
428,11246,10333,13997,1625,1943,Not Provided,CAT A,680,74520
429,16233,15074,18566,1303,1587,No Parking,CAT A,1310,102310
430,6824,6352,8577,1340,1605,Not Provided,CAT B,1000,53400
431,4127,8367,9533,1410,1704,Open,CAT B,1130,59760
432,6214,14164,14555,1432,1719,Covered,CAT B,990,49540
433,12322,10530,16409,1891,2280,Covered,CAT C,360,51560
434,5389,10389,11111,1322,1583,Open,CAT A,720,49510
435,5900,10980,12617,1378,1670,Covered,CAT C,950,58610
436,11537,13214,17191,1462,1732,Not Provided,CAT A,840,68260
437,12794,17541,20046,1440,1733,No Parking,CAT A,1120,65310
438,9405,12156,15118,1421,1724,Covered,CAT A,920,52090
439,5508,7881,10157,1280,1530,Open,CAT C,1240,43860
440,13275,9872,15303,1431,1710,Covered,CAT A,840,74170
441,9475,9807,14405,,1771,Covered,CAT B,950,34920
442,7807,9674,12678,1161,1404,Covered,CAT C,430,58380
443,8634,11628,12786,1175,1405,Open,CAT A,810,91200
444,11031,12462,13010,1395,1662,Open,CAT A,920,90940
445,6266,13767,12066,1443,1755,Not Provided,CAT C,880,49330
446,5359,8372,11239,1247,1523,Open,CAT C,1350,53500
447,9569,10441,12905,1788,2133,Open,CAT B,1000,54590
448,6465,10915,10058,1138,1375,Not Provided,CAT B,1220,57450
449,10068,10816,13429,1709,2042,Open,CAT C,430,33240
450,5499,10606,10603,1777,2145,Covered,CAT A,520,80790
451,8395,12601,13089,1612,1918,Covered,CAT B,580,61000
452,9204,10843,14663,1618,1943,Open,CAT B,460,47620
453,6885,7314,10673,1311,1571,No Parking,CAT B,470,72090
454,5728,10253,11216,1365,1638,Covered,CAT A,680,102920
455,6669,11500,11948,1249,1503,Open,CAT A,950,61970
456,4846,9003,10135,1373,1635,No Parking,CAT A,840,61040
457,8850,10060,11765,1536,1836,Not Provided,CAT B,990,52060
458,12862,12087,17686,1744,2101,No Parking,CAT A,520,69570
459,13925,14473,17746,1513,1820,Open,CAT B,520,66020
460,11082,12407,14913,1297,1561,Not Provided,CAT B,1070,40000
461,3971,7129,5913,1908,2304,Open,CAT A,990,79500
462,7136,8734,9830,1721,2076,No Parking,CAT A,710,76300
463,6736,13652,12823,1243,1491,Open,CAT A,430,69030
464,10701,15780,15366,1472,1766,Open,CAT B,1290,57140
465,9089,14320,13391,1307,1570,Not Provided,CAT B,1080,41710
466,7753,8307,13508,1628,1959,Not Provided,CAT C,890,71480
467,10162,10094,12564,1556,1869,Covered,CAT C,1000,33010
468,9393,11121,12596,1179,1428,Open,CAT A,1290,74570
469,10272,8355,13586,1768,2123,Not Provided,CAT B,860,49590
470,7265,12325,12060,1378,1656,Open,CAT A,1010,73170
471,7457,12005,13976,1685,2015,Open,CAT A,1160,79220
472,6475,8198,9766,1474,1759,Open,CAT A,880,75880
473,8032,7922,9846,1794,2137,No Parking,CAT B,670,67610
474,10709,10849,17155,1086,1291,Covered,CAT A,930,69090
475,4783,11103,9602,1808,2154,Open,CAT C,990,35220
476,5381,5177,8992,1501,1790,Not Provided,CAT B,450,53940
477,5258,9505,8580,1353,1598,No Parking,CAT B,690,56660
478,8799,10559,14496,1455,1757,No Parking,CAT A,650,67520
479,10063,10671,14466,1165,1411,Not Provided,CAT C,1020,38620
480,,,11839,1516,1792,Not Provided,CAT B,790,44310
481,11238,14329,15943,1332,1610,Open,CAT C,880,38890
482,6284,11514,11302,1396,1668,Covered,CAT A,760,79270
483,6855,11349,11719,1513,1821,Open,CAT C,690,42880
484,9914,11558,16360,1618,1940,Covered,CAT C,630,44240
485,7971,8165,12202,1845,2233,No Parking,CAT B,370,43190
486,,,14676,1529,1820,No Parking,CAT B,800,60930
487,5845,5999,10472,1172,1411,No Parking,CAT A,460,74550
488,6589,10742,11179,,1810,Not Provided,CAT C,920,20700
489,9881,12215,14248,1436,1737,Covered,CAT B,770,57090
490,7132,9530,11594,1738,2065,No Parking,CAT B,750,56480
491,6063,8269,10928,2229,2667,Covered,CAT A,660,87410
492,11487,12958,17196,1490,1783,Open,CAT A,730,81370
493,11888,15672,16427,1060,1279,Open,CAT A,670,97360
494,3553,6062,7649,2015,2436,Covered,CAT B,680,77960
495,9590,10173,13574,1611,1919,Covered,CAT A,960,71240
496,11139,14537,17452,1187,1417,Open,CAT C,1230,58940
497,12787,12142,15454,1430,1690,Open,CAT A,800,78950
498,8193,12666,14844,1543,1840,Covered,CAT C,450,36380
499,10452,10978,16079,1836,2195,Not Provided,CAT C,940,45160
500,9337,9865,11171,1463,1764,Covered,CAT B,1060,69050
501,7531,15408,14394,1213,1462,Covered,CAT B,560,56830
502,8558,13467,15079,1244,1480,Open,CAT A,860,93530
503,,,12830,1388,1664,Open,CAT A,700,67580
504,7905,10054,15182,1745,2108,Covered,CAT B,730,46920
505,5044,9458,12063,933,1121,Open,CAT A,940,55990
506,8346,11640,12725,1764,2132,Covered,CAT C,920,40840
507,5464,7752,11406,1675,2002,Open,CAT B,1050,64990
508,7678,14228,14778,1688,2046,Open,CAT B,380,53550
509,7205,9682,13179,1842,2204,No Parking,CAT C,930,51320
510,8344,8916,11192,1316,1597,Not Provided,CAT C,980,36560
511,6049,11589,10343,1440,1719,Covered,CAT B,580,66050
512,10814,14071,17512,1760,2111,No Parking,CAT C,680,52400
513,6390,10143,9685,1323,1571,Open,CAT C,850,27970
514,2992,5718,5446,1230,1466,Open,CAT C,730,67100
515,9363,13333,14529,1540,1838,Open,CAT C,570,43710
516,8865,8515,12294,1167,1388,No Parking,CAT B,620,38600
517,7127,8762,10749,1429,1695,Covered,CAT B,890,53890
518,10670,10435,16607,1491,1770,Not Provided,CAT C,800,52610
519,9172,14024,12540,1313,1574,Open,CAT B,920,43130
520,9800,9133,13657,1609,1943,Open,CAT B,920,40300
521,7998,12742,13303,1109,1342,Not Provided,CAT B,760,49750
522,4068,7624,6764,1207,1440,No Parking,CAT B,500,43840
523,10531,11054,15189,902,1087,Not Provided,CAT A,680,56820
524,8588,13937,8728,1191,1422,Open,CAT C,770,36350
525,9074,7556,12666,1335,1601,Open,CAT B,460,50820
526,7073,14107,14781,1382,1660,No Parking,CAT A,1070,83720
527,2756,5325,6808,1588,1906,Not Provided,CAT B,450,46970
528,6756,5976,9051,1918,2284,No Parking,CAT B,310,78020
529,7360,8950,13140,1484,1774,Not Provided,CAT B,880,45080
530,6934,14287,12528,1334,1607,No Parking,CAT C,370,55160
531,6569,13470,12541,1556,1846,No Parking,CAT A,760,72020
532,6979,10242,10270,1784,2142,Covered,CAT B,950,64010
533,5584,10514,11003,1244,1477,No Parking,CAT B,890,27840
534,6750,11495,13016,1496,1787,Open,CAT C,800,58070
535,10320,11719,14343,1719,2058,Covered,CAT B,700,51760
536,8590,11229,12737,1678,2022,Open,CAT B,1050,66050
537,5991,12588,12015,1247,1490,Open,CAT B,330,65750
538,7056,10860,12856,1191,1421,Covered,CAT B,980,65820
539,7765,7313,10302,1832,2208,Covered,CAT B,1090,46760
540,7894,11648,10009,1271,1523,Not Provided,CAT A,1140,50940
541,11999,12241,14575,1735,2084,Open,CAT A,820,56440
542,8063,11923,12361,1627,1948,No Parking,CAT C,890,32610
543,6493,14696,14315,1351,1616,Covered,CAT B,650,62770
544,7669,10444,12941,1520,1817,Open,CAT A,850,63600
545,4116,11266,11661,1490,1788,Covered,CAT C,360,45840
546,4886,11166,11986,,2148,Covered,CAT B,1070,32970
547,9089,9503,13179,1777,2117,Not Provided,CAT B,780,38280
548,7996,6753,9959,1688,2037,Covered,CAT B,590,50960
549,9916,12241,15485,1537,1836,No Parking,CAT C,670,39480
550,10340,14340,17721,1622,1968,Covered,CAT C,340,69610
551,6514,11008,11301,1148,1384,Open,CAT B,730,47800
552,9175,12656,17442,1373,,Open,CAT B,770,59200
553,8230,10705,11862,1001,1194,Covered,CAT C,1210,44890
554,16850,15553,22407,1857,2236,No Parking,CAT A,1280,67420
555,11014,10848,14405,1552,1869,Open,CAT A,710,78870
556,8917,9699,11425,1700,2064,Not Provided,CAT A,940,70310
557,9927,11760,12555,1554,1844,Not Provided,CAT C,670,38530
558,9059,11486,11984,1482,1777,Open,CAT A,800,77570
559,14005,9744,17121,1275,1517,Covered,CAT B,790,59920
560,6427,13284,13775,1642,1981,Open,CAT C,720,54450
561,6440,10689,13561,1381,1633,Not Provided,CAT C,1270,50250
562,3167,9659,8682,1381,1634,Open,CAT B,930,30790
563,5579,11928,11294,1057,1262,Open,CAT C,1490,35420
564,5876,13703,7564,1192,1445,Covered,CAT B,810,43470
565,11812,13363,17040,1601,1920,No Parking,CAT C,600,61000
566,10881,13649,15717,1622,1968,Not Provided,CAT A,210,64780
567,8790,10451,12621,,1653,Open,CAT B,1210,42970
568,2314,8933,8231,1607,1909,Open,CAT C,460,39030
569,9559,9796,13278,2214,2647,Open,CAT B,740,65900
570,4113,12277,10937,1633,1936,Open,CAT B,1320,46050
571,8836,10580,14360,1546,1845,No Parking,CAT B,760,59070
572,9281,8825,11191,1475,1753,Not Provided,CAT B,920,44670
573,10724,14028,16129,1270,1519,Not Provided,CAT A,920,58390
574,9109,10436,11963,1185,1420,Open,CAT A,880,80370
575,9684,11953,15162,1614,1938,Open,CAT B,1110,53230
576,8363,11994,12873,1141,1353,Open,CAT A,1370,72000
577,9021,11522,13615,1244,1481,Open,CAT A,410,84040
578,7175,5750,12044,869,1050,Not Provided,CAT B,850,52540
579,11897,12621,15693,2049,2465,Not Provided,CAT B,720,63510
580,5266,6740,8531,1883,2262,No Parking,CAT B,570,42240
581,9547,11233,13642,1526,1842,Open,CAT C,690,39580
582,5277,9221,9414,1165,1390,No Parking,CAT B,1220,54610
583,10453,11981,14868,1832,2185,Open,CAT A,840,87330
584,6736,14813,14125,1723,2072,Covered,CAT A,560,88410
585,1648,4950,6583,932,1138,Open,CAT B,820,89760
586,3784,10365,9878,1137,1374,Covered,CAT A,700,101780
587,11335,12652,15503,1231,1472,Open,CAT B,810,70290
588,11826,16146,16532,1237,1512,Covered,CAT A,1070,88210
589,10961,17111,15477,1371,1650,Covered,CAT A,540,87160
590,7570,8829,12505,1767,2158,Open,CAT B,530,41540
591,5738,8270,10242,1748,2092,Open,CAT B,580,49170
592,6237,10793,12774,1212,1440,Open,CAT B,500,63950
593,8081,9852,14028,1466,1743,Covered,CAT A,1200,70810
594,6344,9442,14746,1152,1386,Open,CAT B,980,49590
595,11139,11743,15206,1439,1703,Open,CAT B,1000,67290
596,5451,16007,13025,,1704,Open,CAT A,900,62280
597,7284,11172,13742,2026,2400,Not Provided,CAT C,720,51240
598,6270,11440,9163,1772,2146,Open,CAT B,1030,48540
599,2017,8473,9077,1511,1822,Open,CAT B,420,72410
600,5908,10764,11187,1199,1461,Not Provided,CAT B,1070,54370
601,8655,10639,14020,1834,2184,Covered,CAT A,830,94460
602,13070,16770,19497,1143,1375,No Parking,CAT A,940,85160
603,7348,6714,10920,1494,1794,Covered,CAT C,550,52130
604,12951,12503,15166,1770,2131,Not Provided,CAT B,1140,54650
605,5212,9235,9335,1455,1747,Open,CAT A,750,69320
606,6177,6009,9642,1141,1372,Not Provided,CAT B,620,51480
607,9374,13102,13706,1586,1886,Covered,CAT C,660,50060
608,6967,12104,11007,1701,2034,No Parking,CAT A,660,62180
609,10314,12431,12349,1860,2246,Open,CAT A,410,79780
610,3543,7722,8175,1167,1406,Open,CAT C,440,42860
611,3685,6787,8033,1424,1716,Open,CAT B,630,54410
612,12580,14692,17517,1710,2053,Open,CAT B,730,69390
613,8176,12223,14233,1408,1708,Not Provided,CAT B,220,42810
614,9015,9628,12697,1517,1831,No Parking,CAT C,610,30840
615,7002,8425,11450,1227,1476,Not Provided,CAT B,720,56260
616,8272,8092,12626,1609,1930,Open,CAT B,740,76470
617,9726,11935,15318,1553,1831,No Parking,CAT C,740,35680
618,5572,13280,11351,1814,2174,Open,CAT A,770,90070
619,10440,11464,15648,1240,1493,Open,CAT B,590,33120
620,5189,9059,10863,1206,1437,No Parking,CAT A,1330,54060
621,9935,15807,18595,1847,2186,Not Provided,CAT B,910,75120
622,7300,12541,13715,1009,1202,No Parking,CAT C,330,41600
623,4619,10768,11787,1624,1946,Covered,CAT C,870,20270
624,10773,12323,16823,1612,1931,Open,CAT B,790,60060
625,11124,8732,14790,1498,1805,Open,CAT A,1270,82270
626,10489,12274,13086,946,1125,No Parking,CAT B,590,29170
627,8270,14406,15231,1563,1872,No Parking,CAT A,1080,68420
628,5985,12402,11559,1664,2016,Open,CAT B,830,59130
629,4955,12586,14979,1619,1947,Covered,CAT A,910,74330
630,9188,13997,14768,1433,1722,Open,CAT A,830,77080
631,11801,11283,14728,1241,1489,Not Provided,CAT A,1380,76250
632,9006,13952,14368,1429,1720,Open,CAT A,1180,59540
633,9667,12214,14277,1241,1488,Not Provided,CAT A,770,54690
634,3605,11017,12447,1078,1306,Not Provided,CAT A,680,84360
635,8846,11995,12883,1690,2065,Not Provided,CAT B,910,51420
636,6976,13119,13556,1289,1536,No Parking,CAT A,540,65120
637,8050,11347,13218,1581,1894,No Parking,CAT C,760,49380
638,5760,8577,9947,1608,1945,Not Provided,CAT B,760,37830
639,11209,10016,14328,1344,1608,Open,CAT C,730,35980
640,7739,13750,14696,1513,1804,Not Provided,CAT A,430,69190
641,5761,7680,10875,1529,1839,Open,CAT B,1000,50590
642,3702,7220,12065,1677,2014,Open,CAT A,660,60800
643,7570,11481,13873,1015,1229,Not Provided,CAT C,930,31180
644,7804,14219,12142,1438,1751,Open,CAT A,760,77790
645,8283,11709,15284,1426,1718,No Parking,CAT C,370,47570
646,8451,11465,12406,1412,1701,Not Provided,CAT A,630,69130
647,6666,10531,12005,1622,1944,Covered,CAT A,360,75970
648,12337,13653,15193,1503,1791,Open,CAT C,630,68350
649,7188,12268,12783,1501,1789,Open,CAT C,670,41680
650,10632,14276,13109,1971,2342,Covered,CAT B,690,86560
651,11310,12783,15627,1383,1687,Open,CAT A,830,81390
652,6745,5772,9747,1371,1635,Covered,CAT A,720,50730
653,8645,10897,15845,1508,1823,No Parking,CAT A,520,71290
654,6714,7862,10067,1057,1284,Open,CAT A,750,70110
655,8351,11696,13422,1411,1680,Covered,CAT A,1070,61590
656,7673,12311,13146,1466,1746,Covered,CAT C,590,69370
657,9792,10755,15681,1545,1888,Covered,CAT B,600,67110
658,11255,9174,16617,2044,2408,Not Provided,CAT B,380,82020
659,8148,12093,13164,1887,2264,Not Provided,CAT C,830,62050
660,8168,15365,15215,1505,1836,Open,CAT C,940,61730
661,9545,9831,12811,1422,1722,Open,CAT C,560,58660
662,7550,11193,13279,1564,1869,Covered,CAT B,1030,53370
663,8707,14403,13703,1510,1810,No Parking,CAT C,730,39700
664,5632,9765,9859,1568,1920,Not Provided,CAT C,890,53750
665,4778,9811,11385,1933,2338,Not Provided,CAT B,1140,44730
666,5222,8952,11776,1501,1822,No Parking,CAT B,590,49350
667,10014,11682,13425,1593,1911,Open,CAT B,580,43340
668,14637,15127,14763,1812,2189,No Parking,CAT A,310,78090
669,7903,7881,11860,1580,1895,Open,CAT B,720,54950
670,12359,13926,15304,1440,1749,Not Provided,CAT A,490,75530
671,9751,10544,12888,1100,1331,No Parking,CAT B,1010,57330
672,5947,8114,11272,1534,1841,Covered,CAT A,680,87930
673,10809,12539,15552,1299,1555,Not Provided,CAT B,1020,56850
674,12389,12020,17056,1767,2121,No Parking,CAT A,1050,78430
675,5598,12246,10900,1368,1649,Not Provided,CAT B,740,63660
676,5539,13503,11421,1393,1670,Covered,CAT A,410,62960
677,10370,11615,14419,1327,1590,Open,CAT A,770,81870
678,8128,14461,15753,1514,1794,Covered,CAT B,1400,54820
679,7288,9560,12531,1989,2414,No Parking,CAT A,860,116320
680,9823,13861,14579,1334,1584,Not Provided,CAT B,840,57200
681,5351,6435,12231,1533,1817,Covered,CAT A,950,84360
682,6685,10345,8646,1809,2145,Not Provided,CAT B,940,36530
683,9329,11050,12306,1607,1933,Not Provided,CAT A,930,81260
684,13823,16489,17178,1165,1387,Not Provided,CAT A,1060,82350
685,7431,11293,10991,1193,1430,Covered,CAT A,560,80830
686,8759,12879,13776,1709,2065,No Parking,CAT C,670,30610
687,9420,13980,13290,1525,1839,No Parking,CAT B,540,51310
688,7846,7486,12195,1348,1623,No Parking,CAT A,1010,72940
689,,,7966,1345,1626,Open,CAT A,820,78210
690,5038,14034,11450,1132,1366,Covered,CAT B,1340,52450
691,5059,7402,10629,1667,2020,Not Provided,CAT A,980,66070
692,8012,5276,11844,1427,1720,No Parking,CAT B,630,43190
693,4079,8940,9831,1211,1447,Open,CAT B,1110,40730
694,8406,12039,13144,1717,2048,Not Provided,CAT A,700,78530
695,7408,9188,12475,1766,2111,No Parking,CAT A,580,94690
696,7468,16525,15383,1086,1299,No Parking,CAT B,1050,44400
697,10985,13935,16737,1410,1692,Open,CAT A,790,73800
698,5481,13129,12275,1476,1760,Not Provided,CAT B,600,37390
699,6750,10899,11479,1068,1278,Open,CAT A,440,64120
700,5874,10389,8292,1485,1785,Not Provided,CAT A,1340,66160
701,5627,13099,10068,1461,1739,Covered,CAT C,1250,22310
702,3844,9029,8292,1685,2010,Open,CAT C,990,62380
703,9209,10610,13222,1624,1958,Open,CAT A,290,63850
704,7290,8691,10953,1658,2000,Not Provided,CAT C,350,36210
705,8729,9922,11314,1427,1677,Not Provided,CAT B,210,54590
706,8861,10181,15112,1755,2072,No Parking,CAT B,810,69610
707,6497,12467,12711,1211,1472,Open,CAT B,790,65390
708,4697,6004,10759,1591,1896,Open,CAT A,780,78130
709,8503,6922,10746,1797,2126,Open,CAT B,730,55710
710,12135,10244,15410,1519,1823,Open,CAT A,1040,69210
711,8510,10041,13369,1637,1958,Open,CAT A,760,59940
712,9597,10662,11556,1451,1750,Not Provided,CAT A,570,72550
713,9175,11210,14991,1203,1446,Open,CAT B,620,44260
714,5640,8331,12309,1884,2262,Open,CAT A,310,56910
715,11607,14783,16502,1540,1820,Not Provided,CAT B,310,82390
716,7384,9611,9463,1121,1332,Not Provided,CAT A,790,54590
717,10847,12430,15104,1307,1562,No Parking,CAT A,490,69990
718,4984,9442,11597,1475,1775,Covered,CAT B,230,72740
719,5171,10686,12522,1160,1401,Open,CAT B,900,35360
720,11232,10818,16408,1078,1276,Not Provided,CAT A,640,94370
721,4229,7736,11164,1191,1436,Open,CAT B,840,43520
722,10940,8714,12405,1317,1569,Covered,CAT C,780,36000
723,8499,7295,13189,1548,1858,Not Provided,CAT A,480,99480
724,9644,10754,13529,1560,1883,Open,CAT A,1040,83220
725,6419,13341,9727,1297,1529,Covered,CAT B,870,52940
726,10989,13153,13797,1645,1958,Covered,CAT B,530,93360
727,13247,11126,16434,1225,1455,Open,CAT B,750,73590
728,11487,12079,14156,1421,1704,Not Provided,CAT B,840,53840
729,7015,10387,11876,1655,1956,Open,CAT B,800,47350
730,8862,9304,14033,1615,1928,Covered,CAT A,660,65080
731,7798,10244,11170,1872,2262,Open,CAT C,560,62050
732,10300,11870,15364,1317,1581,Not Provided,CAT C,910,30020
733,4101,13623,11261,1434,1729,No Parking,CAT B,480,49510
734,10947,14084,16646,1791,2167,Open,CAT A,700,64320
735,8701,8969,12290,932,1120,Covered,CAT B,660,35590
736,5922,10858,11683,1609,1924,Covered,CAT C,1170,63050
737,6868,11800,12496,1495,1793,Open,CAT B,1020,65300
738,11041,11886,15799,1769,2153,Not Provided,CAT A,580,69560
739,5913,7138,9401,1693,2032,Open,CAT C,610,41910
740,10073,10474,13497,1247,1497,Open,CAT B,590,28330
741,7091,9344,11297,1502,1815,No Parking,CAT C,190,55980
742,11849,9005,14370,1360,1612,Open,CAT B,490,61080
743,12973,15178,18836,1542,1844,Open,CAT B,680,51380
744,7574,11711,15247,1631,1947,Open,CAT A,670,84410
745,9085,12731,14181,1246,1482,Open,CAT B,1070,60680
746,4301,11537,10992,1990,2384,Open,CAT B,1110,64690
747,4203,7115,8579,967,1154,Open,CAT B,560,45780
748,6753,14224,12767,1582,1894,Not Provided,CAT C,1100,41800
749,7254,11059,14195,1430,1743,Open,CAT B,970,53230
750,,,13717,1411,1684,Open,CAT B,1000,67130
751,9173,11072,14919,1827,2160,No Parking,CAT B,930,36160
752,6915,11441,13186,1118,1338,Open,CAT B,1040,40450
753,9971,10233,16692,1766,2109,Open,CAT B,1120,57910
754,9399,9367,15170,1799,2173,Not Provided,CAT C,910,36280
755,10130,12675,16231,1167,1411,Not Provided,CAT C,440,39190
756,8627,12260,14990,1493,1795,Not Provided,CAT B,530,62380
757,10496,13162,14686,1445,1734,Open,CAT B,900,21470
758,9258,9702,15077,1033,1237,Open,CAT C,740,34610
759,6728,9506,13849,1440,1711,Covered,CAT A,1020,88120
760,5262,9483,11328,1487,1773,Open,CAT B,970,59190
761,7730,7539,12454,1854,2205,No Parking,CAT C,890,36290
762,1241,6690,6422,1748,2086,Not Provided,CAT B,550,53760
763,6093,7010,9201,1937,2310,Open,CAT A,520,66300
764,8274,11673,13345,1641,1999,Covered,CAT B,950,93000
765,10247,11917,14754,1659,1999,Covered,CAT A,650,65660
766,4244,9371,7845,1743,2061,Open,CAT B,860,81930
767,5097,4574,9365,1449,1733,Covered,CAT C,320,60060
768,4917,7983,8409,1098,1309,No Parking,CAT A,860,59530
769,6365,12640,13601,1121,1351,Open,CAT C,900,46380
770,5951,9976,9312,1526,1858,Open,CAT A,550,76200
771,8074,11854,13745,1358,1645,Not Provided,CAT C,770,56860
772,8985,14620,15158,1336,1616,Open,CAT B,710,86620
773,5217,9329,10885,1502,1802,No Parking,CAT B,840,49730
774,8541,12045,14243,1534,1858,Open,CAT A,860,88370
775,7067,10289,15577,1418,1699,No Parking,CAT B,870,49160
776,5947,12991,10227,854,1018,Not Provided,CAT A,660,77740
777,7374,11516,14480,1450,1728,Not Provided,CAT C,930,38560
778,9404,11783,13882,1474,1776,No Parking,CAT A,1020,51990
779,11446,12213,16569,1524,1819,Open,CAT C,1190,39970
780,7805,9491,13544,1361,1638,Open,CAT B,1140,46040
781,7684,7671,13192,1398,1683,Open,CAT B,490,49500
782,7646,11556,12778,1085,1308,Open,CAT B,1170,76670
783,8618,10717,12286,1660,1979,Covered,CAT C,480,75800
784,8104,10396,15870,1648,2017,No Parking,CAT A,930,81720
785,11243,10747,15220,1453,1749,Covered,CAT B,890,58440
786,11436,11270,15073,1323,1591,Not Provided,CAT A,680,85720
787,12794,11457,16229,1385,1643,No Parking,CAT C,740,70940
788,12095,9405,14191,1250,1506,Covered,CAT B,990,62420
789,9585,14223,15252,1389,1683,No Parking,CAT B,680,56880
790,12262,12066,13268,1486,1758,Not Provided,CAT A,820,101820
791,7376,12607,11282,1655,1993,Not Provided,CAT A,440,86890
792,14470,14517,18178,1645,1963,Open,CAT C,900,47300
793,10178,7223,14855,1464,1771,No Parking,CAT C,1080,31270
794,10532,12849,17962,1197,1428,Not Provided,CAT B,830,65410
795,,,11806,1467,1726,No Parking,CAT B,530,75030
796,7089,11023,13672,1878,2264,Not Provided,CAT A,310,54200
797,6944,12427,12710,1150,1378,Not Provided,CAT A,730,67390
798,4937,9926,12712,1562,1881,Open,CAT B,740,54530
799,9240,9365,13101,1596,1939,Not Provided,CAT A,960,79760
800,8055,7191,12428,1119,1345,Not Provided,CAT A,790,78060
801,8872,12192,14561,1116,1347,Open,CAT A,700,74080
802,8284,13014,14525,1934,2349,Open,CAT C,750,52990
803,6710,11558,12516,1299,1540,No Parking,CAT A,590,70580
804,11033,9554,16471,1417,1689,No Parking,CAT C,570,34310
805,8603,11358,12631,1235,1503,Covered,CAT A,660,74160
806,8975,12811,15983,1497,1815,Not Provided,CAT B,700,59190
807,5076,12426,13916,1430,1704,Not Provided,CAT C,1070,43370
808,8016,11723,14084,1537,1877,Open,CAT C,660,17670
809,10888,12334,13248,1444,1742,Covered,CAT B,840,56710
810,11162,17227,15805,1477,1798,No Parking,CAT C,850,59820
811,8221,10396,12215,1041,1246,Open,CAT C,600,36190
812,,,,,,Open,CAT A,440,300
813,3228,9427,8678,1226,1472,No Parking,CAT A,710,60440
814,6477,12491,12168,1489,1783,Open,CAT A,450,75300
815,5736,8874,9142,1549,1871,Covered,CAT B,740,74080
816,7404,8906,8603,1073,1280,Open,CAT C,1240,60440
817,3003,7425,8635,1473,1785,Open,CAT A,570,80720
818,8912,8622,12611,2013,2396,Open,CAT C,580,47060
819,4035,5870,10523,1975,2368,Covered,CAT A,450,86830
820,8995,10230,13308,1561,1877,Covered,CAT A,790,56790
821,5424,6768,10459,1427,1723,Not Provided,CAT A,1040,67090
822,7223,14785,15856,1441,1747,Not Provided,CAT C,670,44370
823,8130,11848,13787,1275,1548,Open,CAT A,370,82970
824,9054,10247,13668,1574,1876,Not Provided,CAT A,620,56230
825,8606,14626,14267,1511,1791,No Parking,CAT B,1010,53760
826,10896,12078,13838,1428,1713,No Parking,CAT C,550,55390
827,8085,14677,14071,1388,1672,Open,CAT A,800,73500
828,8574,13442,14039,1057,1280,Covered,CAT C,610,41050
829,7921,9155,13610,1440,1747,Covered,CAT B,1090,67320
830,7929,13867,14846,1349,1610,Open,CAT B,700,65890
831,12772,16247,17250,1536,1808,Open,CAT C,830,56380
832,11719,11627,16141,2019,2420,Not Provided,CAT B,850,85670
833,7256,6832,11747,1236,1508,Covered,CAT B,1260,70830
834,8441,10093,13715,1436,1715,Open,CAT B,1030,48180
835,8607,8125,10064,1862,2248,Not Provided,CAT B,1160,51910
836,8598,5134,9461,1200,1442,Not Provided,CAT C,880,44320
837,8952,10380,13594,1360,1650,No Parking,CAT A,420,58940
838,10180,11465,14967,1722,2078,Open,CAT A,770,73610
839,7613,12937,12438,1577,1902,No Parking,CAT C,910,54060
840,8681,13158,15062,1850,2214,Covered,CAT A,1110,85000
841,3286,10258,10623,1447,1730,Covered,CAT C,510,49030
842,6233,11562,9659,1496,1800,Not Provided,CAT A,780,63300
843,11977,9765,13321,1679,2008,Open,CAT A,790,84300
844,8826,7816,15012,994,1194,Open,CAT A,1090,81390
845,10410,13110,16559,1354,1635,Covered,CAT A,1270,95900
846,12189,13518,17420,1762,,Covered,CAT A,790,82140
847,9418,9913,14103,1597,1918,Open,CAT A,1260,71830
848,8740,10899,13447,1873,2252,Covered,CAT C,330,79310
849,9847,12288,15977,1218,1459,Open,CAT A,540,87890
850,8339,9392,10785,1458,1746,Not Provided,CAT C,720,48610
851,9721,10530,14692,1546,1860,Covered,CAT A,670,73160
852,6988,11932,12292,1608,1962,Open,CAT B,770,36280
853,4494,9538,10227,1822,2160,Open,CAT B,860,49720
854,8216,11665,12694,1716,2038,Not Provided,CAT B,410,44400
855,146,1666,3227,1072,1296,Open,CAT C,900,47590
856,10550,15272,16738,1330,1604,Open,CAT C,480,51460
857,4894,7778,11048,1588,1892,Open,CAT C,540,57750
858,9154,10416,16288,1425,1733,Open,CAT B,760,66000
859,7756,9038,10210,1778,2133,Open,CAT B,280,45950
860,10662,12056,16089,1363,1630,Open,CAT C,1120,53900
861,4385,7297,9569,1609,1928,Not Provided,CAT C,160,37920
862,3284,7836,9240,1671,2024,Not Provided,CAT B,620,63100
863,10593,10246,15143,1379,1636,No Parking,CAT C,440,36770
864,12181,15244,16983,1218,1452,Covered,CAT C,870,43910
865,5663,11526,9346,1724,2101,Open,CAT B,900,66390
866,3800,8105,9028,986,1179,Not Provided,CAT B,710,59160
867,6486,4644,9312,1330,1606,Covered,CAT C,590,38510
868,7216,12943,12133,1437,1725,Open,CAT B,910,46220
869,7873,11161,13081,1327,1609,Open,CAT C,1320,41500
870,5536,12153,11937,1304,,Open,CAT C,530,31950
871,4966,8278,11349,1651,2009,Open,CAT B,1000,58160
872,8062,9702,13106,1211,1462,Not Provided,CAT B,670,38530
873,5000,12943,14131,1916,2277,Covered,CAT B,610,55880
874,9858,11997,16321,1638,1937,Open,CAT A,1050,70940
875,9855,11962,15007,1172,1413,Open,CAT B,480,53940
876,9997,12349,13043,1350,1606,Covered,CAT A,770,43030
877,11090,10120,14193,1528,1843,Covered,CAT C,340,59820
878,5925,9388,9735,1305,1557,Covered,CAT B,580,55500
879,10071,12531,16707,1463,1751,Not Provided,CAT B,900,49990
880,9755,13857,15011,1409,1727,No Parking,CAT B,700,42980
881,7234,11952,14681,1419,1743,Not Provided,CAT A,860,65970
882,6916,7956,11608,1535,1819,No Parking,CAT A,540,59290
883,8487,13020,15515,1474,1745,Not Provided,CAT A,970,63020
884,13354,13720,14403,919,1099,Open,CAT B,1560,73810
885,7315,14823,12817,2067,2492,Not Provided,CAT C,790,70230
886,11751,12708,15442,1977,2362,No Parking,CAT B,1020,59950
887,6189,12084,11926,1293,1558,Open,CAT A,790,78100
888,8572,9942,14479,1477,1790,Open,CAT C,880,16370
889,11103,12451,17711,1582,1906,Covered,CAT A,550,92640
890,11581,11561,15935,1481,1789,Not Provided,CAT B,550,63540
891,10396,14997,15491,1214,1455,Covered,CAT A,950,87220
892,7647,7118,8842,1206,1460,No Parking,CAT B,810,41990
893,9866,10124,14776,1653,1982,Covered,CAT A,390,79410
894,10191,9752,14157,1152,1393,Not Provided,CAT B,860,54380
895,8320,11644,12967,1458,1757,Not Provided,CAT A,850,58600
896,6096,8908,12009,1249,1510,Open,CAT B,660,48950
897,6630,10006,10402,1939,2333,Not Provided,CAT B,830,40670
898,6208,10158,11935,1591,1919,Not Provided,CAT B,640,52340
899,5243,7079,8592,1180,1397,Open,CAT C,750,39140
900,10208,12161,16663,1846,2195,Open,CAT C,1170,41090
901,8475,8742,12781,780,951,Covered,CAT C,790,25600
902,11805,13503,16890,1565,1854,Open,CAT A,900,100900
903,11304,17958,19046,1648,1959,No Parking,CAT A,370,77080
904,7767,13460,9901,1775,2104,Covered,CAT A,980,105150
905,12834,11668,17029,1439,1732,Open,CAT A,1170,80580
906,6171,5639,10068,1487,1776,Not Provided,CAT C,800,46230
907,10172,12781,14850,1800,2158,Open,CAT A,1100,98260
908,7821,14264,15354,1690,2024,Not Provided,CAT A,1070,75930
909,11264,12005,13876,1209,1452,Open,CAT C,830,52050
910,7124,11688,12853,1859,2222,Covered,CAT A,1210,87000
911,4775,6455,7672,1691,2023,No Parking,CAT B,540,60270
912,8650,11399,11434,1259,1493,Open,CAT A,100,88270
913,7550,12641,14060,1771,2138,Not Provided,CAT B,820,57820
914,8979,10075,13734,1205,1468,Open,CAT B,1210,61210
915,9652,9102,12608,1792,2131,No Parking,CAT A,810,76420
916,,,13077,1581,1889,Open,CAT C,970,60290
917,8929,12396,12930,1263,1516,Covered,CAT A,780,70980
918,9866,11461,15834,1344,1605,No Parking,CAT A,1160,76740
919,10022,12911,16307,1819,2187,Not Provided,CAT B,590,47920
920,6741,11479,11152,1357,1625,Open,CAT A,1140,52160
921,10840,11137,15466,1396,1673,Open,CAT C,690,32740
922,9205,10418,14496,1118,1337,Open,CAT A,560,72270
923,9538,11551,12839,1655,1986,Covered,CAT B,1150,77430
924,11786,13969,15519,1156,1398,Open,CAT A,140,92370
925,9615,7904,12521,1451,1734,Open,CAT C,670,34880
926,7176,5779,12382,1539,1829,Open,CAT B,650,46580
927,10915,17486,15964,1549,1851,Not Provided,CAT C,1220,70620
928,12176,8518,15673,1582,1910,Covered,CAT C,1080,66390
929,7214,8717,10553,1387,1663,Open,CAT A,850,82080
930,7423,11708,13220,1200,1436,Open,CAT A,1060,76440
931,15082,14700,19617,1299,1560,Open,CAT B,770,96610
932,9297,12537,14418,1174,1429,Covered,CAT C,1110,54340
