Bank,DD,Withdrawals,Deposits,Branch Area in sqft,avg daily walkins
1,227,147,111,2460,639
2,123,86,65,3510,436
3,306,149,76,2570,669
4,251,112,129,3650,623
5,174,135,128,3400,579
6,200,229,57,3470,625
7,144,88,112,3190,476
8,256,165,46,2930,621
9,282,139,105,2110,658
10,317,196,72,3000,717
11,198,222,65,2610,630
12,168,204,79,2590,607
13,227,233,73,3020,667
14,249,58,138,3550,586
15,332,92,111,3020,663
16,329,104,122,3550,708
17,156,227,49,3060,593
18,259,59,81,2740,520
19,191,164,65,2590,575
20,295,76,77,3010,613
21,198,85,114,2840,529
22,154,105,123,3470,532
23,239,200,67,3560,638
24,330,236,75,2340,734
25,350,10,155,3200,429
26,306,82,57,2920,580
27,132,172,150,3440,594
28,150,117,90,3020,521
29,213,120,111,2610,558
30,265,226,35,2520,668
31,260,214,122,2750,730
32,163,129,122,1550,561
33,191,95,154,3020,578
34,129,119,178,2950,576
35,256,144,80,3480,616
36,214,79,212,2860,641
37,136,183,74,2930,558
38,289,129,118,2830,657
39,302,167,83,2420,714
40,191,176,38,3250,550
41,125,109,90,3310,469
42,276,173,116,2790,704
43,337,105,72,3500,668
44,156,247,77,2980,625
45,180,225,65,2860,614
46,163,161,121,2310,579
47,299,136,87,2070,626
48,287,120,81,3590,644
49,230,207,38,2650,603
50,192,203,115,3170,669
51,199,52,63,3560,435
52,323,235,44,2880,751
53,244,144,111,2790,644
54,237,230,77,2420,709
55,183,91,80,3530,486
56,269,228,104,2070,692
57,172,235,55,3630,596
58,277,125,75,2680,642
59,169,247,100,3190,667
60,300,80,96,3380,623
61,316,98,38,3320,594
62,279,137,87,2980,648
63,335,111,70,3470,648
64,184,174,105,2610,605
65,154,203,91,2750,570
66,203,88,123,2880,568
67,121,192,145,3100,587
68,148,176,64,2200,534
69,159,105,105,2940,515
70,327,158,116,2600,753
71,167,218,39,2680,566
72,165,201,71,2050,602
73,126,146,112,2770,531
74,136,171,79,2570,547
75,340,207,37,3550,726
76,285,107,80,3360,613
77,337,120,57,3210,665
78,133,144,76,3210,487
79,237,99,113,3020,605
80,216,237,85,2390,667
81,309,246,121,2910,838
82,127,218,51,2910,528
83,294,88,41,3010,535
84,230,63,96,3620,528
85,301,185,75,3610,717
86,231,162,91,2950,616
87,324,220,54,2900,741
88,213,158,102,3570,603
89,124,112,100,3430,478
90,319,130,46,2820,611
91,320,68,108,2410,620
92,232,239,82,3310,701
93,238,239,83,2100,688
94,120,204,111,3210,587
95,144,204,113,3220,623
96,141,189,56,2940,529
97,149,211,34,3080,525
98,237,169,108,2500,656
99,128,110,108,3390,506
100,194,199,123,3110,624
101,193,184,117,3410,626
102,183,183,38,2640,565
103,298,139,52,2940,627
104,156,220,85,2860,575
105,333,169,34,2070,700
106,130,230,101,2960,618
107,149,225,105,3060,636
108,211,228,52,2940,653
109,337,201,87,2360,748
110,330,102,55,3210,607
111,140,210,117,2650,599
112,124,107,98,3180,450
113,272,148,89,3150,669
114,300,150,43,3480,597
115,158,185,82,2270,543
116,145,208,49,2870,507
117,275,89,85,3190,594
118,319,139,66,2850,659
119,310,135,80,3200,657
120,239,206,117,3350,695
121,320,130,62,2900,642
122,149,220,61,3180,576
123,238,184,121,3510,702
124,235,202,106,3310,657
125,223,116,123,2640,568
126,201,99,100,2780,545
127,312,122,34,2910,623
128,205,215,55,3550,580
129,259,71,96,3370,557
130,324,117,104,2810,635
131,165,59,118,2690,507
132,314,73,117,2760,645
133,333,64,49,2720,562
134,268,209,71,2880,660
135,291,241,43,2270,719
136,153,164,115,2590,589
137,135,128,98,3490,526
138,122,195,43,2860,506
139,316,194,105,2070,725
140,206,184,84,2590,595
141,279,169,118,3400,725
142,263,191,44,3170,620
143,256,78,98,3140,588
144,278,241,55,2140,711
145,204,239,88,2520,682
146,154,103,115,2910,492
147,298,200,59,2580,691
148,326,53,100,2790,585
149,218,224,115,2320,692
150,225,205,120,3340,692
151,152,55,90,2970,441
152,325,176,34,2250,689
153,275,197,99,2750,732
154,292,182,114,3370,721
155,120,234,83,2720,583
156,213,183,43,3090,572
157,323,115,91,2750,656
158,248,55,90,2960,533
159,261,212,37,3090,616
160,140,147,121,3050,565
161,255,227,39,3360,644
162,199,166,74,1750,563
163,194,165,113,2470,617
164,258,181,86,2610,690
165,271,235,38,2190,662
166,305,64,75,3250,566
167,121,117,113,3360,492
168,165,100,106,2990,533
169,270,190,113,2140,690
170,249,80,81,3400,560
171,242,64,109,2930,563
172,322,74,108,3430,626
173,325,116,93,2800,675
174,163,192,83,2370,595
175,124,239,72,2580,541
176,304,237,37,2930,732
177,121,68,75,2180,426
178,241,168,117,2590,658
179,256,88,113,1200,562
180,157,92,50,2210,436
181,123,62,80,3570,399
182,197,117,48,3140,496
183,207,189,77,3350,595
184,156,166,85,3470,538
185,130,224,119,2430,588
186,277,101,65,3450,578
187,267,187,74,2800,645
188,144,117,95,2570,494
189,275,84,51,3420,574
190,146,65,112,2650,460
191,123,188,106,3280,562
192,154,200,40,3020,552
193,239,132,36,3120,522
194,246,55,78,2870,536
195,245,147,56,2200,574
196,124,164,41,3140,482
197,153,93,44,2730,442
198,166,212,42,2580,541
199,232,158,104,2900,636
200,331,80,78,3100,620
201,123,86,94,3550,461
202,295,111,84,2900,614
203,247,56,79,3250,534
204,132,69,46,2960,380
205,267,220,44,3000,697
206,246,134,44,3090,567
207,157,149,61,2900,512
208,120,231,95,2790,582
209,165,189,122,2910,642
210,321,144,49,3420,659
211,246,89,51,2940,525
212,304,98,62,3270,591
213,271,158,59,3620,603
214,140,131,75,3260,484
215,251,76,89,3620,561
216,338,111,82,2920,660
217,211,224,119,3580,677
218,126,216,91,3090,566
219,282,55,105,3360,608
220,314,247,47,2940,724
221,337,214,113,3300,796
222,235,66,102,3200,526
223,272,103,94,2820,587
224,298,131,67,2790,637
225,287,229,34,1600,715
226,157,58,77,2690,411
227,219,200,86,3310,643
228,205,206,72,3180,627
229,285,191,79,3030,692
230,227,196,38,3520,627
231,321,188,109,3500,724
232,193,196,36,2780,590
233,180,208,104,3000,639
234,316,147,83,3040,668
235,164,89,79,2660,498
236,185,187,121,2230,646
237,144,166,96,3210,546
238,163,160,120,3190,583
239,191,217,86,3370,615
240,338,79,88,3120,640
241,299,165,80,3000,689
242,224,236,59,3030,653
243,217,185,104,2200,597
244,309,167,65,3170,669
245,218,193,51,2110,556
246,325,103,53,2720,637
247,193,237,107,3350,658
248,129,117,61,3390,448
249,202,226,120,2900,665
250,195,151,40,3240,531
251,169,138,40,2800,479
252,168,246,89,2690,602
253,188,143,42,3570,508
254,309,145,79,2670,661
255,229,86,76,3530,547
256,277,71,80,2780,569
257,127,105,58,3030,435
258,277,63,54,3270,559
259,163,218,122,2560,621
260,232,195,75,2610,592
261,320,210,105,2310,748
262,153,158,92,3430,548
263,325,79,51,3170,573
264,134,164,50,2960,479
265,173,240,59,3430,593
266,269,166,37,3080,614
267,171,101,37,2000,412
268,158,53,76,3050,430
269,247,150,89,2640,648
270,284,227,108,2900,720
271,335,133,83,3100,708
272,315,63,97,3340,567
273,204,185,102,2630,610
274,219,164,92,2860,588
275,163,236,84,2650,611
276,179,201,94,2720,634
277,176,220,59,3590,600
278,272,241,105,2470,769
279,280,219,93,2590,682
280,203,212,62,3020,634
281,183,208,105,2740,648
282,206,219,115,2600,654
283,235,141,110,2750,638
284,317,187,46,2800,680
285,187,194,96,3520,619
286,301,199,73,2730,736
287,252,184,108,2730,641
288,304,146,117,2250,689
289,312,185,97,2970,729
290,239,107,65,3610,516
291,281,111,122,3650,652
292,286,189,80,2500,709
293,295,67,56,2630,543
294,125,80,80,3550,431
295,280,113,39,2670,542
296,307,62,45,3040,523
297,247,115,72,2030,593
298,126,163,70,3630,518
299,210,154,97,2800,613
300,288,234,114,2110,759
301,218,228,77,2630,651
302,295,107,39,2870,583
303,319,98,91,3320,644
304,144,204,109,3320,585
305,202,237,90,3250,634
306,339,118,123,2630,686
307,237,239,69,2390,649
308,300,76,62,3490,603
309,287,126,48,3590,621
310,324,53,33,2600,515
311,289,169,104,2040,714
312,172,207,109,3500,624
313,174,165,45,3470,534
314,179,104,66,3330,514
315,303,154,84,3350,662
316,146,90,98,3100,470
317,144,68,103,3530,480
318,190,217,118,3030,647
319,242,214,110,2180,666
320,281,147,33,3070,609
321,286,162,70,3600,616
322,146,138,50,2930,497
323,276,112,67,2480,566
324,332,94,112,2010,664
325,247,148,44,2710,601
326,280,191,90,3070,680
327,236,196,37,3370,621
328,125,200,42,3080,483
329,126,79,123,3210,460
330,227,127,100,3000,593
331,278,163,54,1850,646
332,222,207,53,2070,645
333,218,158,80,2900,606
334,283,155,75,3080,605
335,304,202,101,2770,724
336,255,146,115,3470,656
337,300,158,41,3390,601
338,198,203,58,2790,607
339,176,64,39,3300,425
340,265,72,36,2920,506
341,188,213,66,3350,561
342,229,97,68,2840,556
343,240,226,81,2720,678
344,208,89,91,3130,531
345,202,80,75,3270,469
346,206,244,45,3300,630
347,142,170,118,3330,572
348,300,139,93,2950,682
349,207,142,52,3070,498
350,195,111,77,2830,491
351,206,155,48,2990,554
352,315,79,38,2250,532
353,124,54,87,2770,414
354,289,161,117,2200,702
355,169,165,68,3160,558
356,134,186,114,2890,586
357,296,106,45,2990,566
358,278,212,118,2460,770
359,170,74,79,3300,452
360,314,243,119,1540,769
361,240,209,88,2670,702
362,230,93,51,2980,535
363,298,199,114,2260,725
364,272,84,46,3280,538
365,273,193,80,3400,672
366,313,150,92,3090,709
367,304,158,41,2850,667
368,258,142,77,2660,625
369,204,177,51,3400,560
370,152,180,62,2740,542
371,127,103,94,3510,436
372,333,200,104,3120,769
373,230,102,51,3060,510
374,142,127,113,3300,487
375,149,148,63,2660,516
376,297,236,80,2180,722
377,282,65,82,2960,524
378,297,229,80,2280,756
379,262,186,66,2000,666
380,172,200,96,2730,571
381,146,224,67,2960,561
382,247,228,58,2690,699
383,245,175,63,2690,631
384,257,130,59,2990,606
385,326,93,79,3140,624
386,224,52,84,1925,477
387,300,61,75,2880,602
388,157,112,71,3390,495
389,301,222,47,3220,671
390,273,202,43,2440,675
391,241,152,74,2980,578
392,208,77,86,2630,461
393,124,212,38,3570,527
394,323,64,44,2110,563
395,319,203,83,2760,747
396,190,225,41,3040,552
397,195,65,114,3360,481
398,250,146,89,3290,611
399,325,237,117,3310,772
400,205,124,58,2690,545
401,185,147,38,3310,521
402,225,158,70,2970,558
403,268,245,117,2150,748
404,130,134,79,2680,506
405,157,176,41,3520,496
406,318,186,102,3000,756
407,130,169,55,2960,477
408,168,102,61,3460,465
409,297,64,53,2940,542
410,153,137,60,3310,505
411,236,139,111,2760,626
412,308,143,49,2960,591
413,298,223,75,3330,740
414,279,120,69,3240,575
415,129,69,63,2550,419
416,215,58,119,2940,555
417,322,87,99,2960,625
418,237,80,34,3380,509
419,181,219,70,3320,601
420,125,215,70,3230,573
421,180,242,80,2390,602
422,258,198,119,2890,714
423,323,124,89,2380,680
424,330,145,109,2090,683
425,264,119,46,3650,534
426,249,245,74,2260,699
427,300,113,115,2400,621
428,289,147,43,3180,595
429,244,53,75,3110,526
430,246,215,123,3140,707
431,122,189,70,2600,500
432,169,86,34,3420,418
433,274,236,33,3500,656
434,285,81,70,2830,562
435,282,76,118,2970,579
436,278,135,66,2940,623
437,132,160,47,3160,488
438,169,172,113,2870,573
439,309,59,85,2950,549
440,322,237,70,2660,759
441,210,184,51,2870,539
442,306,57,90,3380,578
443,269,63,102,3250,550
444,155,160,86,3240,507
445,330,185,97,3130,732
446,265,122,76,2870,588
447,291,111,56,2740,603
448,142,162,98,1800,500
449,233,156,56,2190,537
450,138,109,103,2890,513
451,250,170,93,2930,612
452,255,58,117,2740,539
453,330,80,53,3330,617
454,122,56,112,3290,451
455,337,59,72,3620,581
456,331,71,109,3390,650
457,135,127,39,2200,395
458,242,232,67,2040,662
459,228,239,78,2510,691
460,294,100,73,2910,621
461,245,69,61,2830,479
462,135,174,46,3540,477
463,205,232,87,2960,631
464,338,122,99,2900,712
465,334,154,81,2920,729
466,148,122,108,3390,523
467,339,126,122,2580,680
468,257,234,36,2500,646
469,229,142,85,3530,588
470,227,101,61,1700,498
471,280,183,43,3290,639
472,223,78,73,3380,536
473,234,191,67,3600,618
474,172,64,98,3440,471
475,163,94,121,3240,512
476,238,63,121,2400,558
477,241,121,104,2770,582
478,142,72,111,3630,440
479,153,138,106,2570,516
480,335,55,121,3560,601
481,334,65,91,3280,607
482,312,201,76,2990,745
483,304,188,120,2520,756
484,281,125,64,3340,636
485,313,209,56,3330,725
486,334,114,88,2760,667
487,238,62,145,3430,609
488,334,163,95,3500,713
489,185,172,57,3000,530
490,183,200,160,3630,682
491,168,175,34,2690,472
492,202,151,121,3300,633
493,321,66,80,3030,560
494,163,89,130,3050,531
495,200,74,130,2570,516
496,214,113,111,3480,597
497,285,235,103,2470,741
498,290,96,118,2850,619
499,181,138,97,3090,521
500,149,113,97,1750,513
501,175,106,121,3190,552
502,304,129,116,3330,657
503,134,165,53,2650,491
504,270,237,81,2780,728
505,242,157,74,2840,599
506,167,150,49,3530,484
507,134,79,101,3020,465
508,235,230,49,3360,678
509,249,189,61,2880,642
510,298,96,72,3340,585
511,337,140,111,2640,694
512,168,131,60,2640,524
513,333,86,108,2850,676
514,192,176,34,2760,505
515,331,186,97,2700,767